# WaveFront *.obj file (generated by CINEMA 4D)

g Neutre_1 Sph_re_3
usemtl Mat_1
v -0.689466 0.663275 -1.187064
v -0.689466 1.524814 -1.187064
v -0.577975 0.677953 -1.187064
v -0.581774 0.677953 -1.21592
v -0.592912 0.677953 -1.24281
v -0.61063 0.677953 -1.265901
v -0.633721 0.677953 -1.283619
v -0.66061 0.677953 -1.294757
v -0.689466 0.677953 -1.298556
v -0.718322 0.677953 -1.294757
v -0.745212 0.677953 -1.283619
v -0.768302 0.677953 -1.265901
v -0.78602 0.677953 -1.24281
v -0.797158 0.677953 -1.21592
v -0.800957 0.677953 -1.187064
v -0.797158 0.677953 -1.158208
v -0.78602 0.677953 -1.131319
v -0.768302 0.677953 -1.108228
v -0.745212 0.677953 -1.09051
v -0.718322 0.677953 -1.079372
v -0.689466 0.677953 -1.075573
v -0.66061 0.677953 -1.079372
v -0.633721 0.677953 -1.09051
v -0.61063 0.677953 -1.108228
v -0.592912 0.677953 -1.131319
v -0.581774 0.677953 -1.158208
v -0.474082 0.720987 -1.187064
v -0.481421 0.720987 -1.24281
v -0.502938 0.720987 -1.294757
v -0.537166 0.720987 -1.339364
v -0.581774 0.720987 -1.373593
v -0.633721 0.720987 -1.39511
v -0.689466 0.720987 -1.402449
v -0.745212 0.720987 -1.39511
v -0.797158 0.720987 -1.373593
v -0.841766 0.720987 -1.339364
v -0.875995 0.720987 -1.294757
v -0.897512 0.720987 -1.24281
v -0.904851 0.720987 -1.187064
v -0.897512 0.720987 -1.131319
v -0.875995 0.720987 -1.079372
v -0.841766 0.720987 -1.034765
v -0.797158 0.720987 -1.000536
v -0.745212 0.720987 -0.979019
v -0.689466 0.720987 -0.97168
v -0.633721 0.720987 -0.979019
v -0.581774 0.720987 -1.000536
v -0.537166 0.720987 -1.034765
v -0.502938 0.720987 -1.079372
v -0.481421 0.720987 -1.131319
v -0.384866 0.789444 -1.187064
v -0.395245 0.789444 -1.265901
v -0.425675 0.789444 -1.339364
v -0.474082 0.789444 -1.402449
v -0.537166 0.789444 -1.450856
v -0.61063 0.789444 -1.481285
v -0.689466 0.789444 -1.491664
v -0.768302 0.789444 -1.481285
v -0.841766 0.789444 -1.450856
v -0.904851 0.789444 -1.402449
v -0.953257 0.789444 -1.339364
v -0.983687 0.789444 -1.265901
v -0.994066 0.789444 -1.187064
v -0.983687 0.789444 -1.108228
v -0.953257 0.789444 -1.034765
v -0.904851 0.789444 -0.97168
v -0.841766 0.789444 -0.923273
v -0.768302 0.789444 -0.892844
v -0.689466 0.789444 -0.882465
v -0.61063 0.789444 -0.892844
v -0.537166 0.789444 -0.923273
v -0.474082 0.789444 -0.97168
v -0.425675 0.789444 -1.034765
v -0.395245 0.789444 -1.108228
v -0.316409 0.87866 -1.187064
v -0.329121 0.87866 -1.283619
v -0.366389 0.87866 -1.373593
v -0.425675 0.87866 -1.450856
v -0.502938 0.87866 -1.510141
v -0.592912 0.87866 -1.54741
v -0.689466 0.87866 -1.560122
v -0.78602 0.87866 -1.54741
v -0.875995 0.87866 -1.510141
v -0.953257 0.87866 -1.450856
v -1.012543 0.87866 -1.373593
v -1.049812 0.87866 -1.283619
v -1.062523 0.87866 -1.187064
v -1.049812 0.87866 -1.09051
v -1.012543 0.87866 -1.000536
v -0.953257 0.87866 -0.923273
v -0.875995 0.87866 -0.863988
v -0.78602 0.87866 -0.826719
v -0.689466 0.87866 -0.814007
v -0.592912 0.87866 -0.826719
v -0.502938 0.87866 -0.863988
v -0.425675 0.87866 -0.923273
v -0.366389 0.87866 -1.000536
v -0.329121 0.87866 -1.09051
v -0.273375 0.982553 -1.187064
v -0.287553 0.982553 -1.294757
v -0.329121 0.982553 -1.39511
v -0.395245 0.982553 -1.481285
v -0.481421 0.982553 -1.54741
v -0.581774 0.982553 -1.588978
v -0.689466 0.982553 -1.603156
v -0.797158 0.982553 -1.588978
v -0.897512 0.982553 -1.54741
v -0.983687 0.982553 -1.481285
v -1.049812 0.982553 -1.39511
v -1.091379 0.982553 -1.294757
v -1.105557 0.982553 -1.187064
v -1.091379 0.982553 -1.079372
v -1.049812 0.982553 -0.979019
v -0.983687 0.982553 -0.892844
v -0.897512 0.982553 -0.826719
v -0.797158 0.982553 -0.785151
v -0.689466 0.982553 -0.770973
v -0.581774 0.982553 -0.785151
v -0.481421 0.982553 -0.826719
v -0.395245 0.982553 -0.892844
v -0.329121 0.982553 -0.979019
v -0.287553 0.982553 -1.079372
v -0.258697 1.094044 -1.187064
v -0.273375 1.094044 -1.298556
v -0.316409 1.094044 -1.402449
v -0.384866 1.094044 -1.491664
v -0.474082 1.094044 -1.560122
v -0.577975 1.094044 -1.603156
v -0.689466 1.094044 -1.617834
v -0.800957 1.094044 -1.603156
v -0.904851 1.094044 -1.560122
v -0.994066 1.094044 -1.491664
v -1.062523 1.094044 -1.402449
v -1.105557 1.094044 -1.298556
v -1.120235 1.094044 -1.187064
v -1.105557 1.094044 -1.075573
v -1.062523 1.094044 -0.97168
v -0.994066 1.094044 -0.882465
v -0.904851 1.094044 -0.814007
v -0.800957 1.094044 -0.770973
v -0.689466 1.094044 -0.756295
v -0.577975 1.094044 -0.770973
v -0.474082 1.094044 -0.814007
v -0.384866 1.094044 -0.882465
v -0.316409 1.094044 -0.97168
v -0.273375 1.094044 -1.075573
v -0.273375 1.205536 -1.187064
v -0.287553 1.205536 -1.294757
v -0.329121 1.205536 -1.39511
v -0.395245 1.205536 -1.481285
v -0.481421 1.205536 -1.54741
v -0.581774 1.205536 -1.588978
v -0.689466 1.205536 -1.603156
v -0.797158 1.205536 -1.588978
v -0.897512 1.205536 -1.54741
v -0.983687 1.205536 -1.481285
v -1.049812 1.205536 -1.39511
v -1.091379 1.205536 -1.294757
v -1.105557 1.205536 -1.187064
v -1.091379 1.205536 -1.079372
v -1.049812 1.205536 -0.979019
v -0.983687 1.205536 -0.892844
v -0.897512 1.205536 -0.826719
v -0.797158 1.205536 -0.785151
v -0.689466 1.205536 -0.770973
v -0.581774 1.205536 -0.785151
v -0.481421 1.205536 -0.826719
v -0.395245 1.205536 -0.892844
v -0.329121 1.205536 -0.979019
v -0.287553 1.205536 -1.079372
v -0.316409 1.309429 -1.187064
v -0.329121 1.309429 -1.283619
v -0.366389 1.309429 -1.373593
v -0.425675 1.309429 -1.450856
v -0.502938 1.309429 -1.510141
v -0.592912 1.309429 -1.54741
v -0.689466 1.309429 -1.560122
v -0.78602 1.309429 -1.54741
v -0.875995 1.309429 -1.510141
v -0.953257 1.309429 -1.450856
v -1.012543 1.309429 -1.373593
v -1.049812 1.309429 -1.283619
v -1.062523 1.309429 -1.187064
v -1.049812 1.309429 -1.09051
v -1.012543 1.309429 -1.000536
v -0.953257 1.309429 -0.923273
v -0.875995 1.309429 -0.863988
v -0.78602 1.309429 -0.826719
v -0.689466 1.309429 -0.814007
v -0.592912 1.309429 -0.826719
v -0.502938 1.309429 -0.863988
v -0.425675 1.309429 -0.923273
v -0.366389 1.309429 -1.000536
v -0.329121 1.309429 -1.09051
v -0.384866 1.398644 -1.187064
v -0.395245 1.398644 -1.265901
v -0.425675 1.398644 -1.339364
v -0.474082 1.398644 -1.402449
v -0.537166 1.398644 -1.450856
v -0.61063 1.398644 -1.481285
v -0.689466 1.398644 -1.491664
v -0.768302 1.398644 -1.481285
v -0.841766 1.398644 -1.450856
v -0.904851 1.398644 -1.402449
v -0.953257 1.398644 -1.339364
v -0.983687 1.398644 -1.265901
v -0.994066 1.398644 -1.187064
v -0.983687 1.398644 -1.108228
v -0.953257 1.398644 -1.034765
v -0.904851 1.398644 -0.97168
v -0.841766 1.398644 -0.923273
v -0.768302 1.398644 -0.892844
v -0.689466 1.398644 -0.882465
v -0.61063 1.398644 -0.892844
v -0.537166 1.398644 -0.923273
v -0.474082 1.398644 -0.97168
v -0.425675 1.398644 -1.034765
v -0.395245 1.398644 -1.108228
v -0.474082 1.467101 -1.187064
v -0.481421 1.467101 -1.24281
v -0.502938 1.467101 -1.294757
v -0.537166 1.467101 -1.339364
v -0.581774 1.467101 -1.373593
v -0.633721 1.467101 -1.39511
v -0.689466 1.467101 -1.402449
v -0.745212 1.467101 -1.39511
v -0.797158 1.467101 -1.373593
v -0.841766 1.467101 -1.339364
v -0.875995 1.467101 -1.294757
v -0.897512 1.467101 -1.24281
v -0.904851 1.467101 -1.187064
v -0.897512 1.467101 -1.131319
v -0.875995 1.467101 -1.079372
v -0.841766 1.467101 -1.034765
v -0.797158 1.467101 -1.000536
v -0.745212 1.467101 -0.979019
v -0.689466 1.467101 -0.97168
v -0.633721 1.467101 -0.979019
v -0.581774 1.467101 -1.000536
v -0.537166 1.467101 -1.034765
v -0.502938 1.467101 -1.079372
v -0.481421 1.467101 -1.131319
v -0.577975 1.510135 -1.187064
v -0.581774 1.510135 -1.21592
v -0.592912 1.510135 -1.24281
v -0.61063 1.510135 -1.265901
v -0.633721 1.510135 -1.283619
v -0.66061 1.510135 -1.294757
v -0.689466 1.510135 -1.298556
v -0.718322 1.510135 -1.294757
v -0.745212 1.510135 -1.283619
v -0.768302 1.510135 -1.265901
v -0.78602 1.510135 -1.24281
v -0.797158 1.510135 -1.21592
v -0.800957 1.510135 -1.187064
v -0.797158 1.510135 -1.158208
v -0.78602 1.510135 -1.131319
v -0.768302 1.510135 -1.108228
v -0.745212 1.510135 -1.09051
v -0.718322 1.510135 -1.079372
v -0.689466 1.510135 -1.075573
v -0.66061 1.510135 -1.079372
v -0.633721 1.510135 -1.09051
v -0.61063 1.510135 -1.108228
v -0.592912 1.510135 -1.131319
v -0.581774 1.510135 -1.158208
v -0.463138 1.063439 -0.789669
v -0.463138 1.678823 -0.789669
v -0.383501 1.073923 -0.789669
v -0.386215 1.073923 -0.810281
v -0.39417 1.073923 -0.829488
v -0.406826 1.073923 -0.845981
v -0.423319 1.073923 -0.858637
v -0.442526 1.073923 -0.866592
v -0.463138 1.073923 -0.869306
v -0.483749 1.073923 -0.866592
v -0.502956 1.073923 -0.858637
v -0.519449 1.073923 -0.845981
v -0.532105 1.073923 -0.829488
v -0.540061 1.073923 -0.810281
v -0.542774 1.073923 -0.789669
v -0.540061 1.073923 -0.769058
v -0.532105 1.073923 -0.749851
v -0.519449 1.073923 -0.733358
v -0.502956 1.073923 -0.720702
v -0.483749 1.073923 -0.712746
v -0.463138 1.073923 -0.710033
v -0.442526 1.073923 -0.712746
v -0.423319 1.073923 -0.720702
v -0.406826 1.073923 -0.733358
v -0.39417 1.073923 -0.749851
v -0.386215 1.073923 -0.769058
v -0.309292 1.104662 -0.789669
v -0.314534 1.104662 -0.829488
v -0.329903 1.104662 -0.866592
v -0.354352 1.104662 -0.898455
v -0.386215 1.104662 -0.922904
v -0.423319 1.104662 -0.938273
v -0.463138 1.104662 -0.943515
v -0.502956 1.104662 -0.938273
v -0.540061 1.104662 -0.922904
v -0.571923 1.104662 -0.898455
v -0.596372 1.104662 -0.866592
v -0.611742 1.104662 -0.829488
v -0.616984 1.104662 -0.789669
v -0.611742 1.104662 -0.749851
v -0.596372 1.104662 -0.712746
v -0.571923 1.104662 -0.680884
v -0.540061 1.104662 -0.656435
v -0.502956 1.104662 -0.641065
v -0.463138 1.104662 -0.635823
v -0.423319 1.104662 -0.641065
v -0.386215 1.104662 -0.656435
v -0.354352 1.104662 -0.680884
v -0.329903 1.104662 -0.712746
v -0.314534 1.104662 -0.749851
v -0.245566 1.15356 -0.789669
v -0.25298 1.15356 -0.845981
v -0.274715 1.15356 -0.898455
v -0.309292 1.15356 -0.943515
v -0.354352 1.15356 -0.978092
v -0.406826 1.15356 -0.999827
v -0.463138 1.15356 -1.007241
v -0.519449 1.15356 -0.999827
v -0.571923 1.15356 -0.978092
v -0.616984 1.15356 -0.943515
v -0.65156 1.15356 -0.898455
v -0.673295 1.15356 -0.845981
v -0.680709 1.15356 -0.789669
v -0.673295 1.15356 -0.733358
v -0.65156 1.15356 -0.680884
v -0.616984 1.15356 -0.635823
v -0.571923 1.15356 -0.601247
v -0.519449 1.15356 -0.579512
v -0.463138 1.15356 -0.572098
v -0.406826 1.15356 -0.579512
v -0.354352 1.15356 -0.601247
v -0.309292 1.15356 -0.635823
v -0.274715 1.15356 -0.680884
v -0.25298 1.15356 -0.733358
v -0.196668 1.217285 -0.789669
v -0.205748 1.217285 -0.858637
v -0.232369 1.217285 -0.922904
v -0.274715 1.217285 -0.978092
v -0.329903 1.217285 -1.020438
v -0.39417 1.217285 -1.047059
v -0.463138 1.217285 -1.056139
v -0.532105 1.217285 -1.047059
v -0.596372 1.217285 -1.020438
v -0.65156 1.217285 -0.978092
v -0.693907 1.217285 -0.922904
v -0.720527 1.217285 -0.858637
v -0.729607 1.217285 -0.789669
v -0.720527 1.217285 -0.720702
v -0.693907 1.217285 -0.656435
v -0.65156 1.217285 -0.601247
v -0.596372 1.217285 -0.5589
v -0.532105 1.217285 -0.53228
v -0.463138 1.217285 -0.5232
v -0.39417 1.217285 -0.53228
v -0.329903 1.217285 -0.5589
v -0.274715 1.217285 -0.601247
v -0.232369 1.217285 -0.656435
v -0.205748 1.217285 -0.720702
v -0.16593 1.291494 -0.789669
v -0.176057 1.291494 -0.866592
v -0.205748 1.291494 -0.938273
v -0.25298 1.291494 -0.999827
v -0.314534 1.291494 -1.047059
v -0.386215 1.291494 -1.07675
v -0.463138 1.291494 -1.086877
v -0.540061 1.291494 -1.07675
v -0.611742 1.291494 -1.047059
v -0.673295 1.291494 -0.999827
v -0.720527 1.291494 -0.938273
v -0.750219 1.291494 -0.866592
v -0.760346 1.291494 -0.789669
v -0.750219 1.291494 -0.712746
v -0.720527 1.291494 -0.641065
v -0.673295 1.291494 -0.579512
v -0.611742 1.291494 -0.53228
v -0.540061 1.291494 -0.502588
v -0.463138 1.291494 -0.492461
v -0.386215 1.291494 -0.502588
v -0.314534 1.291494 -0.53228
v -0.25298 1.291494 -0.579512
v -0.205748 1.291494 -0.641065
v -0.176057 1.291494 -0.712746
v -0.155445 1.371131 -0.789669
v -0.16593 1.371131 -0.869306
v -0.196668 1.371131 -0.943515
v -0.245566 1.371131 -1.007241
v -0.309292 1.371131 -1.056139
v -0.383501 1.371131 -1.086877
v -0.463138 1.371131 -1.097362
v -0.542774 1.371131 -1.086877
v -0.616984 1.371131 -1.056139
v -0.680709 1.371131 -1.007241
v -0.729607 1.371131 -0.943515
v -0.760346 1.371131 -0.869306
v -0.77083 1.371131 -0.789669
v -0.760346 1.371131 -0.710033
v -0.729607 1.371131 -0.635823
v -0.680709 1.371131 -0.572098
v -0.616984 1.371131 -0.5232
v -0.542774 1.371131 -0.492461
v -0.463138 1.371131 -0.481977
v -0.383501 1.371131 -0.492461
v -0.309292 1.371131 -0.5232
v -0.245566 1.371131 -0.572098
v -0.196668 1.371131 -0.635823
v -0.16593 1.371131 -0.710033
v -0.16593 1.450768 -0.789669
v -0.176057 1.450768 -0.866592
v -0.205748 1.450768 -0.938273
v -0.25298 1.450768 -0.999827
v -0.314534 1.450768 -1.047059
v -0.386215 1.450768 -1.07675
v -0.463138 1.450768 -1.086877
v -0.540061 1.450768 -1.07675
v -0.611742 1.450768 -1.047059
v -0.673295 1.450768 -0.999827
v -0.720527 1.450768 -0.938273
v -0.750219 1.450768 -0.866592
v -0.760346 1.450768 -0.789669
v -0.750219 1.450768 -0.712746
v -0.720527 1.450768 -0.641065
v -0.673295 1.450768 -0.579512
v -0.611742 1.450768 -0.53228
v -0.540061 1.450768 -0.502588
v -0.463138 1.450768 -0.492461
v -0.386215 1.450768 -0.502588
v -0.314534 1.450768 -0.53228
v -0.25298 1.450768 -0.579512
v -0.205748 1.450768 -0.641065
v -0.176057 1.450768 -0.712746
v -0.196668 1.524977 -0.789669
v -0.205748 1.524977 -0.858637
v -0.232369 1.524977 -0.922904
v -0.274715 1.524977 -0.978092
v -0.329903 1.524977 -1.020438
v -0.39417 1.524977 -1.047059
v -0.463138 1.524977 -1.056139
v -0.532105 1.524977 -1.047059
v -0.596372 1.524977 -1.020438
v -0.65156 1.524977 -0.978092
v -0.693907 1.524977 -0.922904
v -0.720527 1.524977 -0.858637
v -0.729607 1.524977 -0.789669
v -0.720527 1.524977 -0.720702
v -0.693907 1.524977 -0.656435
v -0.65156 1.524977 -0.601247
v -0.596372 1.524977 -0.5589
v -0.532105 1.524977 -0.53228
v -0.463138 1.524977 -0.5232
v -0.39417 1.524977 -0.53228
v -0.329903 1.524977 -0.5589
v -0.274715 1.524977 -0.601247
v -0.232369 1.524977 -0.656435
v -0.205748 1.524977 -0.720702
v -0.245566 1.588702 -0.789669
v -0.25298 1.588702 -0.845981
v -0.274715 1.588702 -0.898455
v -0.309292 1.588702 -0.943515
v -0.354352 1.588702 -0.978092
v -0.406826 1.588702 -0.999827
v -0.463138 1.588702 -1.007241
v -0.519449 1.588702 -0.999827
v -0.571923 1.588702 -0.978092
v -0.616984 1.588702 -0.943515
v -0.65156 1.588702 -0.898455
v -0.673295 1.588702 -0.845981
v -0.680709 1.588702 -0.789669
v -0.673295 1.588702 -0.733358
v -0.65156 1.588702 -0.680884
v -0.616984 1.588702 -0.635823
v -0.571923 1.588702 -0.601247
v -0.519449 1.588702 -0.579512
v -0.463138 1.588702 -0.572098
v -0.406826 1.588702 -0.579512
v -0.354352 1.588702 -0.601247
v -0.309292 1.588702 -0.635823
v -0.274715 1.588702 -0.680884
v -0.25298 1.588702 -0.733358
v -0.309292 1.6376 -0.789669
v -0.314534 1.6376 -0.829488
v -0.329903 1.6376 -0.866592
v -0.354352 1.6376 -0.898455
v -0.386215 1.6376 -0.922904
v -0.423319 1.6376 -0.938273
v -0.463138 1.6376 -0.943515
v -0.502956 1.6376 -0.938273
v -0.540061 1.6376 -0.922904
v -0.571923 1.6376 -0.898455
v -0.596372 1.6376 -0.866592
v -0.611742 1.6376 -0.829488
v -0.616984 1.6376 -0.789669
v -0.611742 1.6376 -0.749851
v -0.596372 1.6376 -0.712746
v -0.571923 1.6376 -0.680884
v -0.540061 1.6376 -0.656435
v -0.502956 1.6376 -0.641065
v -0.463138 1.6376 -0.635823
v -0.423319 1.6376 -0.641065
v -0.386215 1.6376 -0.656435
v -0.354352 1.6376 -0.680884
v -0.329903 1.6376 -0.712746
v -0.314534 1.6376 -0.749851
v -0.383501 1.668339 -0.789669
v -0.386215 1.668339 -0.810281
v -0.39417 1.668339 -0.829488
v -0.406826 1.668339 -0.845981
v -0.423319 1.668339 -0.858637
v -0.442526 1.668339 -0.866592
v -0.463138 1.668339 -0.869306
v -0.483749 1.668339 -0.866592
v -0.502956 1.668339 -0.858637
v -0.519449 1.668339 -0.845981
v -0.532105 1.668339 -0.829488
v -0.540061 1.668339 -0.810281
v -0.542774 1.668339 -0.789669
v -0.540061 1.668339 -0.769058
v -0.532105 1.668339 -0.749851
v -0.519449 1.668339 -0.733358
v -0.502956 1.668339 -0.720702
v -0.483749 1.668339 -0.712746
v -0.463138 1.668339 -0.710033
v -0.442526 1.668339 -0.712746
v -0.423319 1.668339 -0.720702
v -0.406826 1.668339 -0.733358
v -0.39417 1.668339 -0.749851
v -0.386215 1.668339 -0.769058
v -0.251981 1.041768 -1.231615
v -0.251981 1.764845 -1.231615
v -0.158408 1.054087 -1.231615
v -0.161596 1.054087 -1.255833
v -0.170944 1.054087 -1.278401
v -0.185815 1.054087 -1.297781
v -0.205194 1.054087 -1.312652
v -0.227762 1.054087 -1.322
v -0.251981 1.054087 -1.325188
v -0.276199 1.054087 -1.322
v -0.298767 1.054087 -1.312652
v -0.318147 1.054087 -1.297781
v -0.333017 1.054087 -1.278401
v -0.342365 1.054087 -1.255833
v -0.345554 1.054087 -1.231615
v -0.342365 1.054087 -1.207396
v -0.333017 1.054087 -1.184828
v -0.318147 1.054087 -1.165449
v -0.298767 1.054087 -1.150578
v -0.276199 1.054087 -1.14123
v -0.251981 1.054087 -1.138042
v -0.227762 1.054087 -1.14123
v -0.205194 1.054087 -1.150578
v -0.185815 1.054087 -1.165449
v -0.170944 1.054087 -1.184828
v -0.161596 1.054087 -1.207396
v -0.071212 1.090205 -1.231615
v -0.077371 1.090205 -1.278401
v -0.09543 1.090205 -1.322
v -0.124158 1.090205 -1.359438
v -0.161596 1.090205 -1.388166
v -0.205194 1.090205 -1.406225
v -0.251981 1.090205 -1.412384
v -0.298767 1.090205 -1.406225
v -0.342365 1.090205 -1.388166
v -0.379804 1.090205 -1.359438
v -0.408531 1.090205 -1.322
v -0.42659 1.090205 -1.278401
v -0.43275 1.090205 -1.231615
v -0.42659 1.090205 -1.184828
v -0.408531 1.090205 -1.14123
v -0.379804 1.090205 -1.103792
v -0.342365 1.090205 -1.075064
v -0.298767 1.090205 -1.057005
v -0.251981 1.090205 -1.050846
v -0.205194 1.090205 -1.057005
v -0.161596 1.090205 -1.075064
v -0.124158 1.090205 -1.103792
v -0.09543 1.090205 -1.14123
v -0.077371 1.090205 -1.184828
v 0.003666 1.14766 -1.231615
v -0.005045 1.14766 -1.297781
v -0.030585 1.14766 -1.359438
v -0.071212 1.14766 -1.412384
v -0.124158 1.14766 -1.453011
v -0.185815 1.14766 -1.47855
v -0.251981 1.14766 -1.487261
v -0.318147 1.14766 -1.47855
v -0.379804 1.14766 -1.453011
v -0.43275 1.14766 -1.412384
v -0.473377 1.14766 -1.359438
v -0.498916 1.14766 -1.297781
v -0.507627 1.14766 -1.231615
v -0.498916 1.14766 -1.165449
v -0.473377 1.14766 -1.103792
v -0.43275 1.14766 -1.050846
v -0.379804 1.14766 -1.010219
v -0.318147 1.14766 -0.98468
v -0.251981 1.14766 -0.975969
v -0.185815 1.14766 -0.98468
v -0.124158 1.14766 -1.010219
v -0.071212 1.14766 -1.050846
v -0.030585 1.14766 -1.103792
v -0.005045 1.14766 -1.165449
v 0.061121 1.222537 -1.231615
v 0.050452 1.222537 -1.312652
v 0.019173 1.222537 -1.388166
v -0.030585 1.222537 -1.453011
v -0.09543 1.222537 -1.502769
v -0.170944 1.222537 -1.534048
v -0.251981 1.222537 -1.544716
v -0.333017 1.222537 -1.534048
v -0.408531 1.222537 -1.502769
v -0.473377 1.222537 -1.453011
v -0.523135 1.222537 -1.388166
v -0.554414 1.222537 -1.312652
v -0.565082 1.222537 -1.231615
v -0.554414 1.222537 -1.150578
v -0.523135 1.222537 -1.075064
v -0.473377 1.222537 -1.010219
v -0.408531 1.222537 -0.960461
v -0.333017 1.222537 -0.929182
v -0.251981 1.222537 -0.918513
v -0.170944 1.222537 -0.929182
v -0.09543 1.222537 -0.960461
v -0.030585 1.222537 -1.010219
v 0.019173 1.222537 -1.075064
v 0.050452 1.222537 -1.150578
v 0.097239 1.309733 -1.231615
v 0.085339 1.309733 -1.322
v 0.050452 1.309733 -1.406225
v -0.005045 1.309733 -1.47855
v -0.077371 1.309733 -1.534048
v -0.161596 1.309733 -1.568935
v -0.251981 1.309733 -1.580834
v -0.342365 1.309733 -1.568935
v -0.42659 1.309733 -1.534048
v -0.498916 1.309733 -1.47855
v -0.554414 1.309733 -1.406225
v -0.589301 1.309733 -1.322
v -0.6012 1.309733 -1.231615
v -0.589301 1.309733 -1.14123
v -0.554414 1.309733 -1.057005
v -0.498916 1.309733 -0.98468
v -0.42659 1.309733 -0.929182
v -0.342365 1.309733 -0.894295
v -0.251981 1.309733 -0.882396
v -0.161596 1.309733 -0.894295
v -0.077371 1.309733 -0.929182
v -0.005045 1.309733 -0.98468
v 0.050452 1.309733 -1.057005
v 0.085339 1.309733 -1.14123
v 0.109558 1.403306 -1.231615
v 0.097239 1.403306 -1.325188
v 0.061121 1.403306 -1.412384
v 0.003666 1.403306 -1.487261
v -0.071212 1.403306 -1.544716
v -0.158408 1.403306 -1.580834
v -0.251981 1.403306 -1.593153
v -0.345554 1.403306 -1.580834
v -0.43275 1.403306 -1.544716
v -0.507627 1.403306 -1.487261
v -0.565082 1.403306 -1.412384
v -0.6012 1.403306 -1.325188
v -0.613519 1.403306 -1.231615
v -0.6012 1.403306 -1.138042
v -0.565082 1.403306 -1.050846
v -0.507627 1.403306 -0.975969
v -0.43275 1.403306 -0.918513
v -0.345554 1.403306 -0.882396
v -0.251981 1.403306 -0.870076
v -0.158408 1.403306 -0.882396
v -0.071212 1.403306 -0.918513
v 0.003666 1.403306 -0.975969
v 0.061121 1.403306 -1.050846
v 0.097239 1.403306 -1.138042
v 0.097239 1.49688 -1.231615
v 0.085339 1.49688 -1.322
v 0.050452 1.49688 -1.406225
v -0.005045 1.49688 -1.47855
v -0.077371 1.49688 -1.534048
v -0.161596 1.49688 -1.568935
v -0.251981 1.49688 -1.580834
v -0.342365 1.49688 -1.568935
v -0.42659 1.49688 -1.534048
v -0.498916 1.49688 -1.47855
v -0.554414 1.49688 -1.406225
v -0.589301 1.49688 -1.322
v -0.6012 1.49688 -1.231615
v -0.589301 1.49688 -1.14123
v -0.554414 1.49688 -1.057005
v -0.498916 1.49688 -0.98468
v -0.42659 1.49688 -0.929182
v -0.342365 1.49688 -0.894295
v -0.251981 1.49688 -0.882396
v -0.161596 1.49688 -0.894295
v -0.077371 1.49688 -0.929182
v -0.005045 1.49688 -0.98468
v 0.050452 1.49688 -1.057005
v 0.085339 1.49688 -1.14123
v 0.061121 1.584076 -1.231615
v 0.050452 1.584076 -1.312652
v 0.019173 1.584076 -1.388166
v -0.030585 1.584076 -1.453011
v -0.09543 1.584076 -1.502769
v -0.170944 1.584076 -1.534048
v -0.251981 1.584076 -1.544716
v -0.333017 1.584076 -1.534048
v -0.408531 1.584076 -1.502769
v -0.473377 1.584076 -1.453011
v -0.523135 1.584076 -1.388166
v -0.554414 1.584076 -1.312652
v -0.565082 1.584076 -1.231615
v -0.554414 1.584076 -1.150578
v -0.523135 1.584076 -1.075064
v -0.473377 1.584076 -1.010219
v -0.408531 1.584076 -0.960461
v -0.333017 1.584076 -0.929182
v -0.251981 1.584076 -0.918513
v -0.170944 1.584076 -0.929182
v -0.09543 1.584076 -0.960461
v -0.030585 1.584076 -1.010219
v 0.019173 1.584076 -1.075064
v 0.050452 1.584076 -1.150578
v 0.003666 1.658953 -1.231615
v -0.005045 1.658953 -1.297781
v -0.030585 1.658953 -1.359438
v -0.071212 1.658953 -1.412384
v -0.124158 1.658953 -1.453011
v -0.185815 1.658953 -1.47855
v -0.251981 1.658953 -1.487261
v -0.318147 1.658953 -1.47855
v -0.379804 1.658953 -1.453011
v -0.43275 1.658953 -1.412384
v -0.473377 1.658953 -1.359438
v -0.498916 1.658953 -1.297781
v -0.507627 1.658953 -1.231615
v -0.498916 1.658953 -1.165449
v -0.473377 1.658953 -1.103792
v -0.43275 1.658953 -1.050846
v -0.379804 1.658953 -1.010219
v -0.318147 1.658953 -0.98468
v -0.251981 1.658953 -0.975969
v -0.185815 1.658953 -0.98468
v -0.124158 1.658953 -1.010219
v -0.071212 1.658953 -1.050846
v -0.030585 1.658953 -1.103792
v -0.005045 1.658953 -1.165449
v -0.071212 1.716408 -1.231615
v -0.077371 1.716408 -1.278401
v -0.09543 1.716408 -1.322
v -0.124158 1.716408 -1.359438
v -0.161596 1.716408 -1.388166
v -0.205194 1.716408 -1.406225
v -0.251981 1.716408 -1.412384
v -0.298767 1.716408 -1.406225
v -0.342365 1.716408 -1.388166
v -0.379804 1.716408 -1.359438
v -0.408531 1.716408 -1.322
v -0.42659 1.716408 -1.278401
v -0.43275 1.716408 -1.231615
v -0.42659 1.716408 -1.184828
v -0.408531 1.716408 -1.14123
v -0.379804 1.716408 -1.103792
v -0.342365 1.716408 -1.075064
v -0.298767 1.716408 -1.057005
v -0.251981 1.716408 -1.050846
v -0.205194 1.716408 -1.057005
v -0.161596 1.716408 -1.075064
v -0.124158 1.716408 -1.103792
v -0.09543 1.716408 -1.14123
v -0.077371 1.716408 -1.184828
v -0.158408 1.752526 -1.231615
v -0.161596 1.752526 -1.255833
v -0.170944 1.752526 -1.278401
v -0.185815 1.752526 -1.297781
v -0.205194 1.752526 -1.312652
v -0.227762 1.752526 -1.322
v -0.251981 1.752526 -1.325188
v -0.276199 1.752526 -1.322
v -0.298767 1.752526 -1.312652
v -0.318147 1.752526 -1.297781
v -0.333017 1.752526 -1.278401
v -0.342365 1.752526 -1.255833
v -0.345554 1.752526 -1.231615
v -0.342365 1.752526 -1.207396
v -0.333017 1.752526 -1.184828
v -0.318147 1.752526 -1.165449
v -0.298767 1.752526 -1.150578
v -0.276199 1.752526 -1.14123
v -0.251981 1.752526 -1.138042
v -0.227762 1.752526 -1.14123
v -0.205194 1.752526 -1.150578
v -0.185815 1.752526 -1.165449
v -0.170944 1.752526 -1.184828
v -0.161596 1.752526 -1.207396
v -0.559601 1.247198 -1.137954
v 0.07886 1.247198 -1.137954
v -0.080755 1.247198 -1.137954
v -0.240371 1.247198 -1.137954
v -0.399986 1.247198 -1.137954
v 0.06916 1.247198 -1.248822
v -0.08803 1.247198 -1.221105
v -0.24522 1.247198 -1.193388
v -0.402411 1.247198 -1.165671
v 0.040356 1.247198 -1.356321
v -0.109633 1.247198 -1.301729
v -0.259623 1.247198 -1.247137
v -0.409612 1.247198 -1.192546
v -0.006678 1.247198 -1.457185
v -0.144908 1.247198 -1.377377
v -0.283139 1.247198 -1.297569
v -0.42137 1.247198 -1.217762
v -0.070511 1.247198 -1.548349
v -0.192784 1.247198 -1.44575
v -0.315056 1.247198 -1.343152
v -0.437329 1.247198 -1.240553
v -0.149206 1.247198 -1.627044
v -0.251805 1.247198 -1.504772
v -0.354404 1.247198 -1.382499
v -0.457003 1.247198 -1.260227
v -0.240371 1.247198 -1.690878
v -0.320178 1.247198 -1.552647
v -0.399986 1.247198 -1.414416
v -0.479794 1.247198 -1.276185
v -0.341235 1.247198 -1.737912
v -0.395826 1.247198 -1.587922
v -0.450418 1.247198 -1.437933
v -0.50501 1.247198 -1.287944
v -0.448734 1.247198 -1.766716
v -0.476451 1.247198 -1.609526
v -0.504168 1.247198 -1.452335
v -0.531884 1.247198 -1.295145
v -0.559601 1.247198 -1.776416
v -0.559601 1.247198 -1.6168
v -0.559601 1.247198 -1.457185
v -0.559601 1.247198 -1.297569
v -0.670469 1.247198 -1.766716
v -0.642752 1.247198 -1.609526
v -0.615035 1.247198 -1.452335
v -0.587318 1.247198 -1.295145
v -0.777968 1.247198 -1.737912
v -0.723376 1.247198 -1.587922
v -0.668785 1.247198 -1.437933
v -0.614193 1.247198 -1.287944
v -0.878832 1.247198 -1.690878
v -0.799024 1.247198 -1.552647
v -0.719217 1.247198 -1.414416
v -0.639409 1.247198 -1.276185
v -0.969997 1.247198 -1.627044
v -0.867398 1.247198 -1.504772
v -0.764799 1.247198 -1.382499
v -0.6622 1.247198 -1.260227
v -1.048691 1.247198 -1.548349
v -0.926419 1.247198 -1.44575
v -0.804146 1.247198 -1.343152
v -0.681874 1.247198 -1.240553
v -1.112525 1.247198 -1.457185
v -0.974294 1.247198 -1.377377
v -0.836063 1.247198 -1.297569
v -0.697832 1.247198 -1.217762
v -1.159559 1.247198 -1.356321
v -1.00957 1.247198 -1.301729
v -0.85958 1.247198 -1.247137
v -0.709591 1.247198 -1.192546
v -1.188363 1.247198 -1.248822
v -1.031173 1.247198 -1.221105
v -0.873982 1.247198 -1.193388
v -0.716792 1.247198 -1.165671
v -1.198063 1.247198 -1.137954
v -1.038448 1.247198 -1.137954
v -0.878832 1.247198 -1.137954
v -0.719217 1.247198 -1.137954
v -1.188363 1.247198 -1.027086
v -1.031173 1.247198 -1.054803
v -0.873982 1.247198 -1.08252
v -0.716792 1.247198 -1.110237
v -1.159559 1.247198 -0.919587
v -1.00957 1.247198 -0.974179
v -0.85958 1.247198 -1.028771
v -0.709591 1.247198 -1.083362
v -1.112525 1.247198 -0.818723
v -0.974294 1.247198 -0.898531
v -0.836063 1.247198 -0.978339
v -0.697832 1.247198 -1.058146
v -1.048691 1.247198 -0.727559
v -0.926419 1.247198 -0.830158
v -0.804146 1.247198 -0.932757
v -0.681874 1.247198 -1.035355
v -0.969997 1.247198 -0.648864
v -0.867398 1.247198 -0.771137
v -0.764799 1.247198 -0.893409
v -0.6622 1.247198 -1.015682
v -0.878832 1.247198 -0.58503
v -0.799024 1.247198 -0.723261
v -0.719217 1.247198 -0.861492
v -0.639409 1.247198 -0.999723
v -0.777968 1.247198 -0.537997
v -0.723376 1.247198 -0.687986
v -0.668785 1.247198 -0.837975
v -0.614193 1.247198 -0.987965
v -0.670469 1.247198 -0.509192
v -0.642752 1.247198 -0.666383
v -0.615035 1.247198 -0.823573
v -0.587318 1.247198 -0.980764
v -0.559601 1.247198 -0.499493
v -0.559601 1.247198 -0.659108
v -0.559601 1.247198 -0.818723
v -0.559601 1.247198 -0.978339
v -0.448734 1.247198 -0.509192
v -0.476451 1.247198 -0.666383
v -0.504168 1.247198 -0.823573
v -0.531884 1.247198 -0.980764
v -0.341235 1.247198 -0.537997
v -0.395826 1.247198 -0.687986
v -0.450418 1.247198 -0.837975
v -0.50501 1.247198 -0.987965
v -0.240371 1.247198 -0.58503
v -0.320178 1.247198 -0.723261
v -0.399986 1.247198 -0.861492
v -0.479794 1.247198 -0.999723
v -0.149206 1.247198 -0.648864
v -0.251805 1.247198 -0.771137
v -0.354404 1.247198 -0.893409
v -0.457003 1.247198 -1.015682
v -0.070511 1.247198 -0.727559
v -0.192784 1.247198 -0.830158
v -0.315056 1.247198 -0.932757
v -0.437329 1.247198 -1.035355
v -0.006678 1.247198 -0.818723
v -0.144908 1.247198 -0.898531
v -0.283139 1.247198 -0.978339
v -0.42137 1.247198 -1.058146
v 0.040356 1.247198 -0.919587
v -0.109633 1.247198 -0.974179
v -0.259623 1.247198 -1.028771
v -0.409612 1.247198 -1.083362
v 0.06916 1.247198 -1.027086
v -0.08803 1.247198 -1.054803
v -0.24522 1.247198 -1.08252
v -0.402411 1.247198 -1.110237
v 0.156653 1.33925 -1.165161
v 0.127124 1.26599 -1.162703
v 0.097043 1.19273 -1.160352
v 0.066436 1.11947 -1.158107
v 0.035326 1.046209 -1.155969
v 0.00374 0.972949 -1.153936
v -0.028299 0.899689 -1.15201
v -0.060764 0.826429 -1.150191
v -0.093632 0.753169 -1.148477
v -0.126876 0.679909 -1.14687
v -0.160472 0.606649 -1.145369
v -0.194396 0.533389 -1.143974
v -0.228621 0.460129 -1.142686
v -0.263123 0.386869 -1.141503
v -0.297877 0.313609 -1.140427
v -0.332858 0.240349 -1.139458
v -0.368041 0.167089 -1.138594
v -0.403401 0.093829 -1.137837
v -0.438912 0.020568 -1.137186
v -0.474551 -0.052692 -1.136642
v -0.510291 -0.125952 -1.136203
v -0.546109 -0.199212 -1.135871
v 0.113268 1.33925 -0.919117
v 0.085527 1.26599 -0.926795
v 0.057266 1.19273 -0.934766
v 0.028511 1.11947 -0.943022
v -0.000717 1.046209 -0.951555
v -0.030394 0.972949 -0.960356
v -0.060495 0.899689 -0.969416
v -0.090998 0.826429 -0.978726
v -0.121879 0.753169 -0.988279
v -0.153114 0.679909 -0.998065
v -0.184681 0.606649 -1.008077
v -0.216554 0.533389 -1.018305
v -0.248712 0.460129 -1.028741
v -0.281131 0.386869 -1.039377
v -0.313786 0.313609 -1.050203
v -0.346655 0.240349 -1.061212
v -0.379714 0.167089 -1.072394
v -0.412939 0.093829 -1.083742
v -0.446307 0.020568 -1.095246
v -0.479795 -0.052692 -1.106899
v -0.513379 -0.125952 -1.118691
v -0.547036 -0.199212 -1.130614
v -0.011651 1.33925 -0.702749
v -0.034247 1.26599 -0.71934
v -0.057267 1.19273 -0.736389
v -0.080691 1.11947 -0.75388
v -0.104501 1.046209 -0.771797
v -0.128677 0.972949 -0.790124
v -0.153201 0.899689 -0.808844
v -0.178053 0.826429 -0.827943
v -0.203214 0.753169 -0.847403
v -0.228664 0.679909 -0.867209
v -0.254385 0.606649 -0.887345
v -0.280358 0.533389 -0.907794
v -0.306563 0.460129 -0.92854
v -0.332982 0.386869 -0.949568
v -0.359594 0.313609 -0.970861
v -0.386381 0.240349 -0.992403
v -0.413324 0.167089 -1.014179
v -0.440404 0.093829 -1.036171
v -0.467601 0.020568 -1.058365
v -0.494896 -0.052692 -1.080743
v -0.522271 -0.125952 -1.10329
v -0.549705 -0.199212 -1.12599
v -0.20304 1.33925 -0.542155
v -0.217752 1.26599 -0.565361
v -0.232742 1.19273 -0.589148
v -0.247997 1.11947 -0.613493
v -0.263507 1.046209 -0.638375
v -0.279256 0.972949 -0.663773
v -0.295235 0.899689 -0.689664
v -0.311428 0.826429 -0.716027
v -0.327826 0.753169 -0.742841
v -0.344413 0.679909 -0.770084
v -0.36118 0.606649 -0.797734
v -0.378111 0.533389 -0.825769
v -0.395196 0.460129 -0.854168
v -0.412422 0.386869 -0.882909
v -0.429776 0.313609 -0.911971
v -0.447246 0.240349 -0.941332
v -0.464819 0.167089 -0.97097
v -0.482483 0.093829 -1.000863
v -0.500225 0.020568 -1.03099
v -0.518032 -0.052692 -1.06133
v -0.535893 -0.125952 -1.09186
v -0.553795 -0.199212 -1.122558
v -0.437812 1.33925 -0.456705
v -0.442853 1.26599 -0.483431
v -0.447993 1.19273 -0.510802
v -0.453229 1.11947 -0.538795
v -0.458556 1.046209 -0.567383
v -0.463969 0.972949 -0.596543
v -0.469464 0.899689 -0.62625
v -0.475038 0.826429 -0.656479
v -0.480685 0.753169 -0.687205
v -0.486401 0.679909 -0.718405
v -0.492182 0.606649 -0.750053
v -0.498023 0.533389 -0.782125
v -0.503921 0.460129 -0.814596
v -0.50987 0.386869 -0.847441
v -0.515867 0.313609 -0.880637
v -0.521908 0.240349 -0.914157
v -0.527987 0.167089 -0.947979
v -0.5341 0.093829 -0.982076
v -0.540244 0.020568 -1.016424
v -0.546413 -0.052692 -1.051
v -0.552604 -0.125952 -1.085777
v -0.558812 -0.199212 -1.120733
v -0.687652 1.33925 -0.456705
v -0.682401 1.26599 -0.483431
v -0.67706 1.19273 -0.510802
v -0.671632 1.11947 -0.538795
v -0.666123 1.046209 -0.567383
v -0.660536 0.972949 -0.596543
v -0.654876 0.899689 -0.62625
v -0.649147 0.826429 -0.656479
v -0.643354 0.753169 -0.687205
v -0.637501 0.679909 -0.718405
v -0.631591 0.606649 -0.750053
v -0.625631 0.533389 -0.782125
v -0.619623 0.460129 -0.814596
v -0.613573 0.386869 -0.847441
v -0.607484 0.313609 -0.880637
v -0.601361 0.240349 -0.914157
v -0.595208 0.167089 -0.947979
v -0.58903 0.093829 -0.982076
v -0.582831 0.020568 -1.016424
v -0.576615 -0.052692 -1.051
v -0.570387 -0.125952 -1.085777
v -0.56415 -0.199212 -1.120733
v -0.922424 1.33925 -0.542155
v -0.907503 1.26599 -0.565361
v -0.892312 1.19273 -0.589148
v -0.876864 1.11947 -0.613493
v -0.861172 1.046209 -0.638375
v -0.845249 0.972949 -0.663773
v -0.829106 0.899689 -0.689664
v -0.812757 0.826429 -0.716027
v -0.796213 0.753169 -0.742841
v -0.779488 0.679909 -0.770084
v -0.762594 0.606649 -0.797734
v -0.745543 0.533389 -0.825769
v -0.728348 0.460129 -0.854168
v -0.711021 0.386869 -0.882909
v -0.693575 0.313609 -0.911971
v -0.676022 0.240349 -0.941332
v -0.658375 0.167089 -0.97097
v -0.640647 0.093829 -1.000863
v -0.62285 0.020568 -1.03099
v -0.604995 -0.052692 -1.06133
v -0.587097 -0.125952 -1.09186
v -0.569167 -0.199212 -1.122558
v -1.113813 1.33925 -0.702749
v -1.091007 1.26599 -0.71934
v -1.067787 1.19273 -0.736389
v -1.04417 1.11947 -0.75388
v -1.020178 1.046209 -0.771797
v -0.995828 0.972949 -0.790124
v -0.97114 0.899689 -0.808844
v -0.946132 0.826429 -0.827943
v -0.920825 0.753169 -0.847403
v -0.895237 0.679909 -0.867209
v -0.869388 0.606649 -0.887345
v -0.843296 0.533389 -0.907794
v -0.816981 0.460129 -0.92854
v -0.790461 0.386869 -0.949568
v -0.763757 0.313609 -0.970861
v -0.736887 0.240349 -0.992403
v -0.70987 0.167089 -1.014179
v -0.682726 0.093829 -1.036171
v -0.655473 0.020568 -1.058365
v -0.628131 -0.052692 -1.080743
v -0.60072 -0.125952 -1.10329
v -0.573257 -0.199212 -1.12599
v -1.238732 1.33925 -0.919117
v -1.210781 1.26599 -0.926795
v -1.18232 1.19273 -0.934766
v -1.153372 1.11947 -0.943022
v -1.123961 1.046209 -0.951555
v -1.094111 0.972949 -0.960356
v -1.063845 0.899689 -0.969416
v -1.033187 0.826429 -0.978726
v -1.00216 0.753169 -0.988279
v -0.970787 0.679909 -0.998065
v -0.939093 0.606649 -1.008077
v -0.9071 0.533389 -1.018305
v -0.874832 0.460129 -1.028741
v -0.842312 0.386869 -1.039377
v -0.809565 0.313609 -1.050203
v -0.776613 0.240349 -1.061212
v -0.743481 0.167089 -1.072394
v -0.710191 0.093829 -1.083742
v -0.676767 0.020568 -1.095246
v -0.643232 -0.052692 -1.106899
v -0.609611 -0.125952 -1.118691
v -0.575926 -0.199212 -1.130614
v -1.282117 1.33925 -1.165161
v -1.252378 1.26599 -1.162703
v -1.222097 1.19273 -1.160352
v -1.191297 1.11947 -1.158107
v -1.160005 1.046209 -1.155969
v -1.128245 0.972949 -1.153936
v -1.096042 0.899689 -1.15201
v -1.063421 0.826429 -1.150191
v -1.030407 0.753169 -1.148477
v -0.997025 0.679909 -1.14687
v -0.963301 0.606649 -1.145369
v -0.929258 0.533389 -1.143974
v -0.894923 0.460129 -1.142686
v -0.86032 0.386869 -1.141503
v -0.825474 0.313609 -1.140427
v -0.79041 0.240349 -1.139458
v -0.755154 0.167089 -1.138594
v -0.719729 0.093829 -1.137837
v -0.684162 0.020568 -1.137186
v -0.648477 -0.052692 -1.136642
v -0.612699 -0.125952 -1.136203
v -0.576853 -0.199212 -1.135871
v -1.238732 1.33925 -1.411205
v -1.210781 1.26599 -1.398612
v -1.18232 1.19273 -1.385938
v -1.153372 1.11947 -1.373192
v -1.123961 1.046209 -1.360382
v -1.094111 0.972949 -1.347517
v -1.063845 0.899689 -1.334605
v -1.033187 0.826429 -1.321655
v -1.00216 0.753169 -1.308675
v -0.970787 0.679909 -1.295674
v -0.939093 0.606649 -1.282661
v -0.9071 0.533389 -1.269643
v -0.874832 0.460129 -1.25663
v -0.842312 0.386869 -1.24363
v -0.809565 0.313609 -1.230652
v -0.776613 0.240349 -1.217704
v -0.743481 0.167089 -1.204795
v -0.710191 0.093829 -1.191933
v -0.676767 0.020568 -1.179126
v -0.643232 -0.052692 -1.166385
v -0.609611 -0.125952 -1.153716
v -0.575926 -0.199212 -1.141129
v -1.113813 1.33925 -1.627572
v -1.091007 1.26599 -1.606067
v -1.067787 1.19273 -1.584316
v -1.04417 1.11947 -1.562335
v -1.020178 1.046209 -1.540141
v -0.995828 0.972949 -1.517749
v -0.97114 0.899689 -1.495176
v -0.946132 0.826429 -1.472438
v -0.920825 0.753169 -1.449551
v -0.895237 0.679909 -1.42653
v -0.869388 0.606649 -1.403393
v -0.843296 0.533389 -1.380154
v -0.816981 0.460129 -1.356831
v -0.790461 0.386869 -1.333439
v -0.763757 0.313609 -1.309994
v -0.736887 0.240349 -1.286512
v -0.70987 0.167089 -1.26301
v -0.682726 0.093829 -1.239503
v -0.655473 0.020568 -1.216008
v -0.628131 -0.052692 -1.19254
v -0.60072 -0.125952 -1.169117
v -0.573257 -0.199212 -1.145752
v -0.922424 1.33925 -1.788166
v -0.907503 1.26599 -1.760045
v -0.892312 1.19273 -1.731557
v -0.876864 1.11947 -1.702722
v -0.861172 1.046209 -1.673562
v -0.845249 0.972949 -1.6441
v -0.829106 0.899689 -1.614357
v -0.812757 0.826429 -1.584354
v -0.796213 0.753169 -1.554113
v -0.779488 0.679909 -1.523655
v -0.762594 0.606649 -1.493004
v -0.745543 0.533389 -1.462179
v -0.728348 0.460129 -1.431203
v -0.711021 0.386869 -1.400097
v -0.693575 0.313609 -1.368884
v -0.676022 0.240349 -1.337584
v -0.658375 0.167089 -1.306219
v -0.640647 0.093829 -1.274811
v -0.62285 0.020568 -1.243383
v -0.604995 -0.052692 -1.211954
v -0.587097 -0.125952 -1.180547
v -0.569167 -0.199212 -1.149184
v -0.687652 1.33925 -1.873616
v -0.682401 1.26599 -1.841975
v -0.67706 1.19273 -1.809902
v -0.671632 1.11947 -1.77742
v -0.666123 1.046209 -1.744554
v -0.660536 0.972949 -1.71133
v -0.654876 0.899689 -1.677771
v -0.649147 0.826429 -1.643903
v -0.643354 0.753169 -1.609749
v -0.637501 0.679909 -1.575335
v -0.631591 0.606649 -1.540685
v -0.625631 0.533389 -1.505823
v -0.619623 0.460129 -1.470775
v -0.613573 0.386869 -1.435566
v -0.607484 0.313609 -1.400218
v -0.601361 0.240349 -1.364758
v -0.595208 0.167089 -1.32921
v -0.58903 0.093829 -1.293599
v -0.582831 0.020568 -1.257948
v -0.576615 -0.052692 -1.222284
v -0.570387 -0.125952 -1.186629
v -0.56415 -0.199212 -1.15101
v -0.437812 1.33925 -1.873616
v -0.442853 1.26599 -1.841975
v -0.447993 1.19273 -1.809902
v -0.453229 1.11947 -1.77742
v -0.458556 1.046209 -1.744554
v -0.463969 0.972949 -1.71133
v -0.469464 0.899689 -1.677771
v -0.475038 0.826429 -1.643903
v -0.480685 0.753169 -1.609749
v -0.486401 0.679909 -1.575335
v -0.492182 0.606649 -1.540685
v -0.498023 0.533389 -1.505823
v -0.503921 0.460129 -1.470775
v -0.50987 0.386869 -1.435566
v -0.515867 0.313609 -1.400218
v -0.521908 0.240349 -1.364758
v -0.527987 0.167089 -1.32921
v -0.5341 0.093829 -1.293599
v -0.540244 0.020568 -1.257948
v -0.546413 -0.052692 -1.222284
v -0.552604 -0.125952 -1.186629
v -0.558812 -0.199212 -1.15101
v -0.20304 1.33925 -1.788166
v -0.217752 1.26599 -1.760045
v -0.232742 1.19273 -1.731557
v -0.247997 1.11947 -1.702722
v -0.263507 1.046209 -1.673562
v -0.279256 0.972949 -1.6441
v -0.295235 0.899689 -1.614357
v -0.311428 0.826429 -1.584354
v -0.327826 0.753169 -1.554113
v -0.344413 0.679909 -1.523655
v -0.36118 0.606649 -1.493004
v -0.378111 0.533389 -1.462179
v -0.395196 0.460129 -1.431203
v -0.412422 0.386869 -1.400097
v -0.429776 0.313609 -1.368884
v -0.447246 0.240349 -1.337584
v -0.464819 0.167089 -1.306219
v -0.482483 0.093829 -1.274811
v -0.500225 0.020568 -1.243383
v -0.518032 -0.052692 -1.211954
v -0.535893 -0.125952 -1.180547
v -0.553795 -0.199212 -1.149184
v -0.011651 1.33925 -1.627572
v -0.034247 1.26599 -1.606067
v -0.057267 1.19273 -1.584316
v -0.080691 1.11947 -1.562335
v -0.104501 1.046209 -1.540141
v -0.128677 0.972949 -1.517749
v -0.153201 0.899689 -1.495176
v -0.178053 0.826429 -1.472438
v -0.203214 0.753169 -1.449551
v -0.228664 0.679909 -1.42653
v -0.254385 0.606649 -1.403393
v -0.280358 0.533389 -1.380154
v -0.306563 0.460129 -1.356831
v -0.332982 0.386869 -1.333439
v -0.359594 0.313609 -1.309994
v -0.386381 0.240349 -1.286512
v -0.413324 0.167089 -1.26301
v -0.440404 0.093829 -1.239503
v -0.467601 0.020568 -1.216008
v -0.494896 -0.052692 -1.19254
v -0.522271 -0.125952 -1.169117
v -0.549705 -0.199212 -1.145752
v 0.113268 1.33925 -1.411205
v 0.085527 1.26599 -1.398612
v 0.057266 1.19273 -1.385938
v 0.028511 1.11947 -1.373192
v -0.000717 1.046209 -1.360382
v -0.030394 0.972949 -1.347517
v -0.060495 0.899689 -1.334605
v -0.090998 0.826429 -1.321655
v -0.121879 0.753169 -1.308675
v -0.153114 0.679909 -1.295674
v -0.184681 0.606649 -1.282661
v -0.216554 0.533389 -1.269643
v -0.248712 0.460129 -1.25663
v -0.281131 0.386869 -1.24363
v -0.313786 0.313609 -1.230652
v -0.346655 0.240349 -1.217704
v -0.379714 0.167089 -1.204795
v -0.412939 0.093829 -1.191933
v -0.446307 0.020568 -1.179126
v -0.479795 -0.052692 -1.166385
v -0.513379 -0.125952 -1.153716
v -0.547036 -0.199212 -1.141129

vt 0.958333 0 0
vt 0.916667 0 0
vt 0.875 0 0
vt 0.833333 0 0
vt 0.791667 0 0
vt 0.75 0 0
vt 0.708333 0 0
vt 0.666667 0 0
vt 0.625 0 0
vt 0.583333 0 0
vt 0.541667 0 0
vt 0.5 0 0
vt 0.458333 0 0
vt 0.416667 0 0
vt 0.375 0 0
vt 0.333333 0 0
vt 0.291667 0 0
vt 0.25 0 0
vt 0.208333 0 0
vt 0.166667 0 0
vt 0.125 0 0
vt 0.083333 0 0
vt 0.041667 0 0
vt 0 0 0
vt 0.958333 1 0
vt 0.916667 1 0
vt 0.875 1 0
vt 0.833333 1 0
vt 0.791667 1 0
vt 0.75 1 0
vt 0.708333 1 0
vt 0.666667 1 0
vt 0.625 1 0
vt 0.583333 1 0
vt 0.541667 1 0
vt 0.5 1 0
vt 0.458333 1 0
vt 0.416667 1 0
vt 0.375 1 0
vt 0.333333 1 0
vt 0.291667 1 0
vt 0.25 1 0
vt 0.208333 1 0
vt 0.166667 1 0
vt 0.125 1 0
vt 0.083333 1 0
vt 0.041667 1 0
vt 0 1 0
vt 1 0.083333 0
vt 0 0.083333 0
vt 0.041667 0.083333 0
vt 0.083333 0.083333 0
vt 0.125 0.083333 0
vt 0.166667 0.083333 0
vt 0.208333 0.083333 0
vt 0.25 0.083333 0
vt 0.291667 0.083333 0
vt 0.333333 0.083333 0
vt 0.375 0.083333 0
vt 0.416667 0.083333 0
vt 0.458333 0.083333 0
vt 0.5 0.083333 0
vt 0.541667 0.083333 0
vt 0.583333 0.083333 0
vt 0.625 0.083333 0
vt 0.666667 0.083333 0
vt 0.708333 0.083333 0
vt 0.75 0.083333 0
vt 0.791667 0.083333 0
vt 0.833333 0.083333 0
vt 0.875 0.083333 0
vt 0.916667 0.083333 0
vt 0.958333 0.083333 0
vt 1 0.166667 0
vt 0 0.166667 0
vt 0.041667 0.166667 0
vt 0.083333 0.166667 0
vt 0.125 0.166667 0
vt 0.166667 0.166667 0
vt 0.208333 0.166667 0
vt 0.25 0.166667 0
vt 0.291667 0.166667 0
vt 0.333333 0.166667 0
vt 0.375 0.166667 0
vt 0.416667 0.166667 0
vt 0.458333 0.166667 0
vt 0.5 0.166667 0
vt 0.541667 0.166667 0
vt 0.583333 0.166667 0
vt 0.625 0.166667 0
vt 0.666667 0.166667 0
vt 0.708333 0.166667 0
vt 0.75 0.166667 0
vt 0.791667 0.166667 0
vt 0.833333 0.166667 0
vt 0.875 0.166667 0
vt 0.916667 0.166667 0
vt 0.958333 0.166667 0
vt 1 0.25 0
vt 0 0.25 0
vt 0.041667 0.25 0
vt 0.083333 0.25 0
vt 0.125 0.25 0
vt 0.166667 0.25 0
vt 0.208333 0.25 0
vt 0.25 0.25 0
vt 0.291667 0.25 0
vt 0.333333 0.25 0
vt 0.375 0.25 0
vt 0.416667 0.25 0
vt 0.458333 0.25 0
vt 0.5 0.25 0
vt 0.541667 0.25 0
vt 0.583333 0.25 0
vt 0.625 0.25 0
vt 0.666667 0.25 0
vt 0.708333 0.25 0
vt 0.75 0.25 0
vt 0.791667 0.25 0
vt 0.833333 0.25 0
vt 0.875 0.25 0
vt 0.916667 0.25 0
vt 0.958333 0.25 0
vt 1 0.333333 0
vt 0 0.333333 0
vt 0.041667 0.333333 0
vt 0.083333 0.333333 0
vt 0.125 0.333333 0
vt 0.166667 0.333333 0
vt 0.208333 0.333333 0
vt 0.25 0.333333 0
vt 0.291667 0.333333 0
vt 0.333333 0.333333 0
vt 0.375 0.333333 0
vt 0.416667 0.333333 0
vt 0.458333 0.333333 0
vt 0.5 0.333333 0
vt 0.541667 0.333333 0
vt 0.583333 0.333333 0
vt 0.625 0.333333 0
vt 0.666667 0.333333 0
vt 0.708333 0.333333 0
vt 0.75 0.333333 0
vt 0.791667 0.333333 0
vt 0.833333 0.333333 0
vt 0.875 0.333333 0
vt 0.916667 0.333333 0
vt 0.958333 0.333333 0
vt 1 0.416667 0
vt 0 0.416667 0
vt 0.041667 0.416667 0
vt 0.083333 0.416667 0
vt 0.125 0.416667 0
vt 0.166667 0.416667 0
vt 0.208333 0.416667 0
vt 0.25 0.416667 0
vt 0.291667 0.416667 0
vt 0.333333 0.416667 0
vt 0.375 0.416667 0
vt 0.416667 0.416667 0
vt 0.458333 0.416667 0
vt 0.5 0.416667 0
vt 0.541667 0.416667 0
vt 0.583333 0.416667 0
vt 0.625 0.416667 0
vt 0.666667 0.416667 0
vt 0.708333 0.416667 0
vt 0.75 0.416667 0
vt 0.791667 0.416667 0
vt 0.833333 0.416667 0
vt 0.875 0.416667 0
vt 0.916667 0.416667 0
vt 0.958333 0.416667 0
vt 1 0.5 0
vt 0 0.5 0
vt 0.041667 0.5 0
vt 0.083333 0.5 0
vt 0.125 0.5 0
vt 0.166667 0.5 0
vt 0.208333 0.5 0
vt 0.25 0.5 0
vt 0.291667 0.5 0
vt 0.333333 0.5 0
vt 0.375 0.5 0
vt 0.416667 0.5 0
vt 0.458333 0.5 0
vt 0.5 0.5 0
vt 0.541667 0.5 0
vt 0.583333 0.5 0
vt 0.625 0.5 0
vt 0.666667 0.5 0
vt 0.708333 0.5 0
vt 0.75 0.5 0
vt 0.791667 0.5 0
vt 0.833333 0.5 0
vt 0.875 0.5 0
vt 0.916667 0.5 0
vt 0.958333 0.5 0
vt 1 0.583333 0
vt 0 0.583333 0
vt 0.041667 0.583333 0
vt 0.083333 0.583333 0
vt 0.125 0.583333 0
vt 0.166667 0.583333 0
vt 0.208333 0.583333 0
vt 0.25 0.583333 0
vt 0.291667 0.583333 0
vt 0.333333 0.583333 0
vt 0.375 0.583333 0
vt 0.416667 0.583333 0
vt 0.458333 0.583333 0
vt 0.5 0.583333 0
vt 0.541667 0.583333 0
vt 0.583333 0.583333 0
vt 0.625 0.583333 0
vt 0.666667 0.583333 0
vt 0.708333 0.583333 0
vt 0.75 0.583333 0
vt 0.791667 0.583333 0
vt 0.833333 0.583333 0
vt 0.875 0.583333 0
vt 0.916667 0.583333 0
vt 0.958333 0.583333 0
vt 1 0.666667 0
vt 0 0.666667 0
vt 0.041667 0.666667 0
vt 0.083333 0.666667 0
vt 0.125 0.666667 0
vt 0.166667 0.666667 0
vt 0.208333 0.666667 0
vt 0.25 0.666667 0
vt 0.291667 0.666667 0
vt 0.333333 0.666667 0
vt 0.375 0.666667 0
vt 0.416667 0.666667 0
vt 0.458333 0.666667 0
vt 0.5 0.666667 0
vt 0.541667 0.666667 0
vt 0.583333 0.666667 0
vt 0.625 0.666667 0
vt 0.666667 0.666667 0
vt 0.708333 0.666667 0
vt 0.75 0.666667 0
vt 0.791667 0.666667 0
vt 0.833333 0.666667 0
vt 0.875 0.666667 0
vt 0.916667 0.666667 0
vt 0.958333 0.666667 0
vt 1 0.75 0
vt 0 0.75 0
vt 0.041667 0.75 0
vt 0.083333 0.75 0
vt 0.125 0.75 0
vt 0.166667 0.75 0
vt 0.208333 0.75 0
vt 0.25 0.75 0
vt 0.291667 0.75 0
vt 0.333333 0.75 0
vt 0.375 0.75 0
vt 0.416667 0.75 0
vt 0.458333 0.75 0
vt 0.5 0.75 0
vt 0.541667 0.75 0
vt 0.583333 0.75 0
vt 0.625 0.75 0
vt 0.666667 0.75 0
vt 0.708333 0.75 0
vt 0.75 0.75 0
vt 0.791667 0.75 0
vt 0.833333 0.75 0
vt 0.875 0.75 0
vt 0.916667 0.75 0
vt 0.958333 0.75 0
vt 1 0.833333 0
vt 0 0.833333 0
vt 0.041667 0.833333 0
vt 0.083333 0.833333 0
vt 0.125 0.833333 0
vt 0.166667 0.833333 0
vt 0.208333 0.833333 0
vt 0.25 0.833333 0
vt 0.291667 0.833333 0
vt 0.333333 0.833333 0
vt 0.375 0.833333 0
vt 0.416667 0.833333 0
vt 0.458333 0.833333 0
vt 0.5 0.833333 0
vt 0.541667 0.833333 0
vt 0.583333 0.833333 0
vt 0.625 0.833333 0
vt 0.666667 0.833333 0
vt 0.708333 0.833333 0
vt 0.75 0.833333 0
vt 0.791667 0.833333 0
vt 0.833333 0.833333 0
vt 0.875 0.833333 0
vt 0.916667 0.833333 0
vt 0.958333 0.833333 0
vt 1 0.916667 0
vt 0 0.916667 0
vt 0.041667 0.916667 0
vt 0.083333 0.916667 0
vt 0.125 0.916667 0
vt 0.166667 0.916667 0
vt 0.208333 0.916667 0
vt 0.25 0.916667 0
vt 0.291667 0.916667 0
vt 0.333333 0.916667 0
vt 0.375 0.916667 0
vt 0.416667 0.916667 0
vt 0.458333 0.916667 0
vt 0.5 0.916667 0
vt 0.541667 0.916667 0
vt 0.583333 0.916667 0
vt 0.625 0.916667 0
vt 0.666667 0.916667 0
vt 0.708333 0.916667 0
vt 0.75 0.916667 0
vt 0.791667 0.916667 0
vt 0.833333 0.916667 0
vt 0.875 0.916667 0
vt 0.916667 0.916667 0
vt 0.958333 0.916667 0
vt 0.958333 0 0
vt 0.916667 0 0
vt 0.875 0 0
vt 0.833333 0 0
vt 0.791667 0 0
vt 0.75 0 0
vt 0.708333 0 0
vt 0.666667 0 0
vt 0.625 0 0
vt 0.583333 0 0
vt 0.541667 0 0
vt 0.5 0 0
vt 0.458333 0 0
vt 0.416667 0 0
vt 0.375 0 0
vt 0.333333 0 0
vt 0.291667 0 0
vt 0.25 0 0
vt 0.208333 0 0
vt 0.166667 0 0
vt 0.125 0 0
vt 0.083333 0 0
vt 0.041667 0 0
vt 0 0 0
vt 0.958333 1 0
vt 0.916667 1 0
vt 0.875 1 0
vt 0.833333 1 0
vt 0.791667 1 0
vt 0.75 1 0
vt 0.708333 1 0
vt 0.666667 1 0
vt 0.625 1 0
vt 0.583333 1 0
vt 0.541667 1 0
vt 0.5 1 0
vt 0.458333 1 0
vt 0.416667 1 0
vt 0.375 1 0
vt 0.333333 1 0
vt 0.291667 1 0
vt 0.25 1 0
vt 0.208333 1 0
vt 0.166667 1 0
vt 0.125 1 0
vt 0.083333 1 0
vt 0.041667 1 0
vt 0 1 0
vt 1 0.083333 0
vt 0 0.083333 0
vt 0.041667 0.083333 0
vt 0.083333 0.083333 0
vt 0.125 0.083333 0
vt 0.166667 0.083333 0
vt 0.208333 0.083333 0
vt 0.25 0.083333 0
vt 0.291667 0.083333 0
vt 0.333333 0.083333 0
vt 0.375 0.083333 0
vt 0.416667 0.083333 0
vt 0.458333 0.083333 0
vt 0.5 0.083333 0
vt 0.541667 0.083333 0
vt 0.583333 0.083333 0
vt 0.625 0.083333 0
vt 0.666667 0.083333 0
vt 0.708333 0.083333 0
vt 0.75 0.083333 0
vt 0.791667 0.083333 0
vt 0.833333 0.083333 0
vt 0.875 0.083333 0
vt 0.916667 0.083333 0
vt 0.958333 0.083333 0
vt 1 0.166667 0
vt 0 0.166667 0
vt 0.041667 0.166667 0
vt 0.083333 0.166667 0
vt 0.125 0.166667 0
vt 0.166667 0.166667 0
vt 0.208333 0.166667 0
vt 0.25 0.166667 0
vt 0.291667 0.166667 0
vt 0.333333 0.166667 0
vt 0.375 0.166667 0
vt 0.416667 0.166667 0
vt 0.458333 0.166667 0
vt 0.5 0.166667 0
vt 0.541667 0.166667 0
vt 0.583333 0.166667 0
vt 0.625 0.166667 0
vt 0.666667 0.166667 0
vt 0.708333 0.166667 0
vt 0.75 0.166667 0
vt 0.791667 0.166667 0
vt 0.833333 0.166667 0
vt 0.875 0.166667 0
vt 0.916667 0.166667 0
vt 0.958333 0.166667 0
vt 1 0.25 0
vt 0 0.25 0
vt 0.041667 0.25 0
vt 0.083333 0.25 0
vt 0.125 0.25 0
vt 0.166667 0.25 0
vt 0.208333 0.25 0
vt 0.25 0.25 0
vt 0.291667 0.25 0
vt 0.333333 0.25 0
vt 0.375 0.25 0
vt 0.416667 0.25 0
vt 0.458333 0.25 0
vt 0.5 0.25 0
vt 0.541667 0.25 0
vt 0.583333 0.25 0
vt 0.625 0.25 0
vt 0.666667 0.25 0
vt 0.708333 0.25 0
vt 0.75 0.25 0
vt 0.791667 0.25 0
vt 0.833333 0.25 0
vt 0.875 0.25 0
vt 0.916667 0.25 0
vt 0.958333 0.25 0
vt 1 0.333333 0
vt 0 0.333333 0
vt 0.041667 0.333333 0
vt 0.083333 0.333333 0
vt 0.125 0.333333 0
vt 0.166667 0.333333 0
vt 0.208333 0.333333 0
vt 0.25 0.333333 0
vt 0.291667 0.333333 0
vt 0.333333 0.333333 0
vt 0.375 0.333333 0
vt 0.416667 0.333333 0
vt 0.458333 0.333333 0
vt 0.5 0.333333 0
vt 0.541667 0.333333 0
vt 0.583333 0.333333 0
vt 0.625 0.333333 0
vt 0.666667 0.333333 0
vt 0.708333 0.333333 0
vt 0.75 0.333333 0
vt 0.791667 0.333333 0
vt 0.833333 0.333333 0
vt 0.875 0.333333 0
vt 0.916667 0.333333 0
vt 0.958333 0.333333 0
vt 1 0.416667 0
vt 0 0.416667 0
vt 0.041667 0.416667 0
vt 0.083333 0.416667 0
vt 0.125 0.416667 0
vt 0.166667 0.416667 0
vt 0.208333 0.416667 0
vt 0.25 0.416667 0
vt 0.291667 0.416667 0
vt 0.333333 0.416667 0
vt 0.375 0.416667 0
vt 0.416667 0.416667 0
vt 0.458333 0.416667 0
vt 0.5 0.416667 0
vt 0.541667 0.416667 0
vt 0.583333 0.416667 0
vt 0.625 0.416667 0
vt 0.666667 0.416667 0
vt 0.708333 0.416667 0
vt 0.75 0.416667 0
vt 0.791667 0.416667 0
vt 0.833333 0.416667 0
vt 0.875 0.416667 0
vt 0.916667 0.416667 0
vt 0.958333 0.416667 0
vt 1 0.5 0
vt 0 0.5 0
vt 0.041667 0.5 0
vt 0.083333 0.5 0
vt 0.125 0.5 0
vt 0.166667 0.5 0
vt 0.208333 0.5 0
vt 0.25 0.5 0
vt 0.291667 0.5 0
vt 0.333333 0.5 0
vt 0.375 0.5 0
vt 0.416667 0.5 0
vt 0.458333 0.5 0
vt 0.5 0.5 0
vt 0.541667 0.5 0
vt 0.583333 0.5 0
vt 0.625 0.5 0
vt 0.666667 0.5 0
vt 0.708333 0.5 0
vt 0.75 0.5 0
vt 0.791667 0.5 0
vt 0.833333 0.5 0
vt 0.875 0.5 0
vt 0.916667 0.5 0
vt 0.958333 0.5 0
vt 1 0.583333 0
vt 0 0.583333 0
vt 0.041667 0.583333 0
vt 0.083333 0.583333 0
vt 0.125 0.583333 0
vt 0.166667 0.583333 0
vt 0.208333 0.583333 0
vt 0.25 0.583333 0
vt 0.291667 0.583333 0
vt 0.333333 0.583333 0
vt 0.375 0.583333 0
vt 0.416667 0.583333 0
vt 0.458333 0.583333 0
vt 0.5 0.583333 0
vt 0.541667 0.583333 0
vt 0.583333 0.583333 0
vt 0.625 0.583333 0
vt 0.666667 0.583333 0
vt 0.708333 0.583333 0
vt 0.75 0.583333 0
vt 0.791667 0.583333 0
vt 0.833333 0.583333 0
vt 0.875 0.583333 0
vt 0.916667 0.583333 0
vt 0.958333 0.583333 0
vt 1 0.666667 0
vt 0 0.666667 0
vt 0.041667 0.666667 0
vt 0.083333 0.666667 0
vt 0.125 0.666667 0
vt 0.166667 0.666667 0
vt 0.208333 0.666667 0
vt 0.25 0.666667 0
vt 0.291667 0.666667 0
vt 0.333333 0.666667 0
vt 0.375 0.666667 0
vt 0.416667 0.666667 0
vt 0.458333 0.666667 0
vt 0.5 0.666667 0
vt 0.541667 0.666667 0
vt 0.583333 0.666667 0
vt 0.625 0.666667 0
vt 0.666667 0.666667 0
vt 0.708333 0.666667 0
vt 0.75 0.666667 0
vt 0.791667 0.666667 0
vt 0.833333 0.666667 0
vt 0.875 0.666667 0
vt 0.916667 0.666667 0
vt 0.958333 0.666667 0
vt 1 0.75 0
vt 0 0.75 0
vt 0.041667 0.75 0
vt 0.083333 0.75 0
vt 0.125 0.75 0
vt 0.166667 0.75 0
vt 0.208333 0.75 0
vt 0.25 0.75 0
vt 0.291667 0.75 0
vt 0.333333 0.75 0
vt 0.375 0.75 0
vt 0.416667 0.75 0
vt 0.458333 0.75 0
vt 0.5 0.75 0
vt 0.541667 0.75 0
vt 0.583333 0.75 0
vt 0.625 0.75 0
vt 0.666667 0.75 0
vt 0.708333 0.75 0
vt 0.75 0.75 0
vt 0.791667 0.75 0
vt 0.833333 0.75 0
vt 0.875 0.75 0
vt 0.916667 0.75 0
vt 0.958333 0.75 0
vt 1 0.833333 0
vt 0 0.833333 0
vt 0.041667 0.833333 0
vt 0.083333 0.833333 0
vt 0.125 0.833333 0
vt 0.166667 0.833333 0
vt 0.208333 0.833333 0
vt 0.25 0.833333 0
vt 0.291667 0.833333 0
vt 0.333333 0.833333 0
vt 0.375 0.833333 0
vt 0.416667 0.833333 0
vt 0.458333 0.833333 0
vt 0.5 0.833333 0
vt 0.541667 0.833333 0
vt 0.583333 0.833333 0
vt 0.625 0.833333 0
vt 0.666667 0.833333 0
vt 0.708333 0.833333 0
vt 0.75 0.833333 0
vt 0.791667 0.833333 0
vt 0.833333 0.833333 0
vt 0.875 0.833333 0
vt 0.916667 0.833333 0
vt 0.958333 0.833333 0
vt 1 0.916667 0
vt 0 0.916667 0
vt 0.041667 0.916667 0
vt 0.083333 0.916667 0
vt 0.125 0.916667 0
vt 0.166667 0.916667 0
vt 0.208333 0.916667 0
vt 0.25 0.916667 0
vt 0.291667 0.916667 0
vt 0.333333 0.916667 0
vt 0.375 0.916667 0
vt 0.416667 0.916667 0
vt 0.458333 0.916667 0
vt 0.5 0.916667 0
vt 0.541667 0.916667 0
vt 0.583333 0.916667 0
vt 0.625 0.916667 0
vt 0.666667 0.916667 0
vt 0.708333 0.916667 0
vt 0.75 0.916667 0
vt 0.791667 0.916667 0
vt 0.833333 0.916667 0
vt 0.875 0.916667 0
vt 0.916667 0.916667 0
vt 0.958333 0.916667 0
vt 0.958333 0 0
vt 0.916667 0 0
vt 0.875 0 0
vt 0.833333 0 0
vt 0.791667 0 0
vt 0.75 0 0
vt 0.708333 0 0
vt 0.666667 0 0
vt 0.625 0 0
vt 0.583333 0 0
vt 0.541667 0 0
vt 0.5 0 0
vt 0.458333 0 0
vt 0.416667 0 0
vt 0.375 0 0
vt 0.333333 0 0
vt 0.291667 0 0
vt 0.25 0 0
vt 0.208333 0 0
vt 0.166667 0 0
vt 0.125 0 0
vt 0.083333 0 0
vt 0.041667 0 0
vt 0 0 0
vt 0.958333 1 0
vt 0.916667 1 0
vt 0.875 1 0
vt 0.833333 1 0
vt 0.791667 1 0
vt 0.75 1 0
vt 0.708333 1 0
vt 0.666667 1 0
vt 0.625 1 0
vt 0.583333 1 0
vt 0.541667 1 0
vt 0.5 1 0
vt 0.458333 1 0
vt 0.416667 1 0
vt 0.375 1 0
vt 0.333333 1 0
vt 0.291667 1 0
vt 0.25 1 0
vt 0.208333 1 0
vt 0.166667 1 0
vt 0.125 1 0
vt 0.083333 1 0
vt 0.041667 1 0
vt 0 1 0
vt 1 0.083333 0
vt 0 0.083333 0
vt 0.041667 0.083333 0
vt 0.083333 0.083333 0
vt 0.125 0.083333 0
vt 0.166667 0.083333 0
vt 0.208333 0.083333 0
vt 0.25 0.083333 0
vt 0.291667 0.083333 0
vt 0.333333 0.083333 0
vt 0.375 0.083333 0
vt 0.416667 0.083333 0
vt 0.458333 0.083333 0
vt 0.5 0.083333 0
vt 0.541667 0.083333 0
vt 0.583333 0.083333 0
vt 0.625 0.083333 0
vt 0.666667 0.083333 0
vt 0.708333 0.083333 0
vt 0.75 0.083333 0
vt 0.791667 0.083333 0
vt 0.833333 0.083333 0
vt 0.875 0.083333 0
vt 0.916667 0.083333 0
vt 0.958333 0.083333 0
vt 1 0.166667 0
vt 0 0.166667 0
vt 0.041667 0.166667 0
vt 0.083333 0.166667 0
vt 0.125 0.166667 0
vt 0.166667 0.166667 0
vt 0.208333 0.166667 0
vt 0.25 0.166667 0
vt 0.291667 0.166667 0
vt 0.333333 0.166667 0
vt 0.375 0.166667 0
vt 0.416667 0.166667 0
vt 0.458333 0.166667 0
vt 0.5 0.166667 0
vt 0.541667 0.166667 0
vt 0.583333 0.166667 0
vt 0.625 0.166667 0
vt 0.666667 0.166667 0
vt 0.708333 0.166667 0
vt 0.75 0.166667 0
vt 0.791667 0.166667 0
vt 0.833333 0.166667 0
vt 0.875 0.166667 0
vt 0.916667 0.166667 0
vt 0.958333 0.166667 0
vt 1 0.25 0
vt 0 0.25 0
vt 0.041667 0.25 0
vt 0.083333 0.25 0
vt 0.125 0.25 0
vt 0.166667 0.25 0
vt 0.208333 0.25 0
vt 0.25 0.25 0
vt 0.291667 0.25 0
vt 0.333333 0.25 0
vt 0.375 0.25 0
vt 0.416667 0.25 0
vt 0.458333 0.25 0
vt 0.5 0.25 0
vt 0.541667 0.25 0
vt 0.583333 0.25 0
vt 0.625 0.25 0
vt 0.666667 0.25 0
vt 0.708333 0.25 0
vt 0.75 0.25 0
vt 0.791667 0.25 0
vt 0.833333 0.25 0
vt 0.875 0.25 0
vt 0.916667 0.25 0
vt 0.958333 0.25 0
vt 1 0.333333 0
vt 0 0.333333 0
vt 0.041667 0.333333 0
vt 0.083333 0.333333 0
vt 0.125 0.333333 0
vt 0.166667 0.333333 0
vt 0.208333 0.333333 0
vt 0.25 0.333333 0
vt 0.291667 0.333333 0
vt 0.333333 0.333333 0
vt 0.375 0.333333 0
vt 0.416667 0.333333 0
vt 0.458333 0.333333 0
vt 0.5 0.333333 0
vt 0.541667 0.333333 0
vt 0.583333 0.333333 0
vt 0.625 0.333333 0
vt 0.666667 0.333333 0
vt 0.708333 0.333333 0
vt 0.75 0.333333 0
vt 0.791667 0.333333 0
vt 0.833333 0.333333 0
vt 0.875 0.333333 0
vt 0.916667 0.333333 0
vt 0.958333 0.333333 0
vt 1 0.416667 0
vt 0 0.416667 0
vt 0.041667 0.416667 0
vt 0.083333 0.416667 0
vt 0.125 0.416667 0
vt 0.166667 0.416667 0
vt 0.208333 0.416667 0
vt 0.25 0.416667 0
vt 0.291667 0.416667 0
vt 0.333333 0.416667 0
vt 0.375 0.416667 0
vt 0.416667 0.416667 0
vt 0.458333 0.416667 0
vt 0.5 0.416667 0
vt 0.541667 0.416667 0
vt 0.583333 0.416667 0
vt 0.625 0.416667 0
vt 0.666667 0.416667 0
vt 0.708333 0.416667 0
vt 0.75 0.416667 0
vt 0.791667 0.416667 0
vt 0.833333 0.416667 0
vt 0.875 0.416667 0
vt 0.916667 0.416667 0
vt 0.958333 0.416667 0
vt 1 0.5 0
vt 0 0.5 0
vt 0.041667 0.5 0
vt 0.083333 0.5 0
vt 0.125 0.5 0
vt 0.166667 0.5 0
vt 0.208333 0.5 0
vt 0.25 0.5 0
vt 0.291667 0.5 0
vt 0.333333 0.5 0
vt 0.375 0.5 0
vt 0.416667 0.5 0
vt 0.458333 0.5 0
vt 0.5 0.5 0
vt 0.541667 0.5 0
vt 0.583333 0.5 0
vt 0.625 0.5 0
vt 0.666667 0.5 0
vt 0.708333 0.5 0
vt 0.75 0.5 0
vt 0.791667 0.5 0
vt 0.833333 0.5 0
vt 0.875 0.5 0
vt 0.916667 0.5 0
vt 0.958333 0.5 0
vt 1 0.583333 0
vt 0 0.583333 0
vt 0.041667 0.583333 0
vt 0.083333 0.583333 0
vt 0.125 0.583333 0
vt 0.166667 0.583333 0
vt 0.208333 0.583333 0
vt 0.25 0.583333 0
vt 0.291667 0.583333 0
vt 0.333333 0.583333 0
vt 0.375 0.583333 0
vt 0.416667 0.583333 0
vt 0.458333 0.583333 0
vt 0.5 0.583333 0
vt 0.541667 0.583333 0
vt 0.583333 0.583333 0
vt 0.625 0.583333 0
vt 0.666667 0.583333 0
vt 0.708333 0.583333 0
vt 0.75 0.583333 0
vt 0.791667 0.583333 0
vt 0.833333 0.583333 0
vt 0.875 0.583333 0
vt 0.916667 0.583333 0
vt 0.958333 0.583333 0
vt 1 0.666667 0
vt 0 0.666667 0
vt 0.041667 0.666667 0
vt 0.083333 0.666667 0
vt 0.125 0.666667 0
vt 0.166667 0.666667 0
vt 0.208333 0.666667 0
vt 0.25 0.666667 0
vt 0.291667 0.666667 0
vt 0.333333 0.666667 0
vt 0.375 0.666667 0
vt 0.416667 0.666667 0
vt 0.458333 0.666667 0
vt 0.5 0.666667 0
vt 0.541667 0.666667 0
vt 0.583333 0.666667 0
vt 0.625 0.666667 0
vt 0.666667 0.666667 0
vt 0.708333 0.666667 0
vt 0.75 0.666667 0
vt 0.791667 0.666667 0
vt 0.833333 0.666667 0
vt 0.875 0.666667 0
vt 0.916667 0.666667 0
vt 0.958333 0.666667 0
vt 1 0.75 0
vt 0 0.75 0
vt 0.041667 0.75 0
vt 0.083333 0.75 0
vt 0.125 0.75 0
vt 0.166667 0.75 0
vt 0.208333 0.75 0
vt 0.25 0.75 0
vt 0.291667 0.75 0
vt 0.333333 0.75 0
vt 0.375 0.75 0
vt 0.416667 0.75 0
vt 0.458333 0.75 0
vt 0.5 0.75 0
vt 0.541667 0.75 0
vt 0.583333 0.75 0
vt 0.625 0.75 0
vt 0.666667 0.75 0
vt 0.708333 0.75 0
vt 0.75 0.75 0
vt 0.791667 0.75 0
vt 0.833333 0.75 0
vt 0.875 0.75 0
vt 0.916667 0.75 0
vt 0.958333 0.75 0
vt 1 0.833333 0
vt 0 0.833333 0
vt 0.041667 0.833333 0
vt 0.083333 0.833333 0
vt 0.125 0.833333 0
vt 0.166667 0.833333 0
vt 0.208333 0.833333 0
vt 0.25 0.833333 0
vt 0.291667 0.833333 0
vt 0.333333 0.833333 0
vt 0.375 0.833333 0
vt 0.416667 0.833333 0
vt 0.458333 0.833333 0
vt 0.5 0.833333 0
vt 0.541667 0.833333 0
vt 0.583333 0.833333 0
vt 0.625 0.833333 0
vt 0.666667 0.833333 0
vt 0.708333 0.833333 0
vt 0.75 0.833333 0
vt 0.791667 0.833333 0
vt 0.833333 0.833333 0
vt 0.875 0.833333 0
vt 0.916667 0.833333 0
vt 0.958333 0.833333 0
vt 1 0.916667 0
vt 0 0.916667 0
vt 0.041667 0.916667 0
vt 0.083333 0.916667 0
vt 0.125 0.916667 0
vt 0.166667 0.916667 0
vt 0.208333 0.916667 0
vt 0.25 0.916667 0
vt 0.291667 0.916667 0
vt 0.333333 0.916667 0
vt 0.375 0.916667 0
vt 0.416667 0.916667 0
vt 0.458333 0.916667 0
vt 0.5 0.916667 0
vt 0.541667 0.916667 0
vt 0.583333 0.916667 0
vt 0.625 0.916667 0
vt 0.666667 0.916667 0
vt 0.708333 0.916667 0
vt 0.75 0.916667 0
vt 0.791667 0.916667 0
vt 0.833333 0.916667 0
vt 0.875 0.916667 0
vt 0.916667 0.916667 0
vt 0.958333 0.916667 0
vt 0.5 0.5 0
vt 1 0.5 0
vt 0.875 0.5 0
vt 0.75 0.5 0
vt 0.625 0.5 0
vt 0.992404 0.586824 0
vt 0.869303 0.565118 0
vt 0.746202 0.543412 0
vt 0.623101 0.521706 0
vt 0.969846 0.67101 0
vt 0.852385 0.628258 0
vt 0.734923 0.585505 0
vt 0.617462 0.542753 0
vt 0.933013 0.75 0
vt 0.82476 0.6875 0
vt 0.716506 0.625 0
vt 0.608253 0.5625 0
vt 0.883022 0.821394 0
vt 0.787267 0.741045 0
vt 0.691511 0.660697 0
vt 0.595756 0.580348 0
vt 0.821394 0.883022 0
vt 0.741045 0.787267 0
vt 0.660697 0.691511 0
vt 0.580348 0.595756 0
vt 0.75 0.933013 0
vt 0.6875 0.82476 0
vt 0.625 0.716506 0
vt 0.5625 0.608253 0
vt 0.67101 0.969846 0
vt 0.628258 0.852385 0
vt 0.585505 0.734923 0
vt 0.542753 0.617462 0
vt 0.586824 0.992404 0
vt 0.565118 0.869303 0
vt 0.543412 0.746202 0
vt 0.521706 0.623101 0
vt 0.5 1 0
vt 0.5 0.875 0
vt 0.5 0.75 0
vt 0.5 0.625 0
vt 0.413176 0.992404 0
vt 0.434882 0.869303 0
vt 0.456588 0.746202 0
vt 0.478294 0.623101 0
vt 0.32899 0.969846 0
vt 0.371742 0.852385 0
vt 0.414495 0.734923 0
vt 0.457247 0.617462 0
vt 0.25 0.933013 0
vt 0.3125 0.82476 0
vt 0.375 0.716506 0
vt 0.4375 0.608253 0
vt 0.178606 0.883022 0
vt 0.258955 0.787267 0
vt 0.339303 0.691511 0
vt 0.419652 0.595756 0
vt 0.116978 0.821394 0
vt 0.212733 0.741045 0
vt 0.308489 0.660697 0
vt 0.404244 0.580348 0
vt 0.066987 0.75 0
vt 0.17524 0.6875 0
vt 0.283494 0.625 0
vt 0.391747 0.5625 0
vt 0.030154 0.67101 0
vt 0.147615 0.628258 0
vt 0.265077 0.585505 0
vt 0.382538 0.542753 0
vt 0.007596 0.586824 0
vt 0.130697 0.565118 0
vt 0.253798 0.543412 0
vt 0.376899 0.521706 0
vt 0 0.5 0
vt 0.125 0.5 0
vt 0.25 0.5 0
vt 0.375 0.5 0
vt 0.007596 0.413176 0
vt 0.130697 0.434882 0
vt 0.253798 0.456588 0
vt 0.376899 0.478294 0
vt 0.030154 0.32899 0
vt 0.147615 0.371742 0
vt 0.265077 0.414495 0
vt 0.382538 0.457247 0
vt 0.066987 0.25 0
vt 0.17524 0.3125 0
vt 0.283494 0.375 0
vt 0.391747 0.4375 0
vt 0.116978 0.178606 0
vt 0.212733 0.258955 0
vt 0.308489 0.339303 0
vt 0.404244 0.419652 0
vt 0.178606 0.116978 0
vt 0.258955 0.212733 0
vt 0.339303 0.308489 0
vt 0.419652 0.404244 0
vt 0.25 0.066987 0
vt 0.3125 0.175241 0
vt 0.375 0.283494 0
vt 0.4375 0.391747 0
vt 0.32899 0.030154 0
vt 0.371742 0.147615 0
vt 0.414495 0.265077 0
vt 0.457247 0.382538 0
vt 0.413176 0.007596 0
vt 0.434882 0.130697 0
vt 0.456588 0.253798 0
vt 0.478294 0.376899 0
vt 0.5 0 0
vt 0.5 0.125 0
vt 0.5 0.25 0
vt 0.5 0.375 0
vt 0.586824 0.007596 0
vt 0.565118 0.130697 0
vt 0.543412 0.253798 0
vt 0.521706 0.376899 0
vt 0.67101 0.030154 0
vt 0.628258 0.147615 0
vt 0.585505 0.265077 0
vt 0.542753 0.382538 0
vt 0.75 0.066987 0
vt 0.6875 0.175241 0
vt 0.625 0.283494 0
vt 0.5625 0.391747 0
vt 0.821394 0.116978 0
vt 0.741045 0.212733 0
vt 0.660697 0.308489 0
vt 0.580348 0.404244 0
vt 0.883022 0.178606 0
vt 0.787267 0.258955 0
vt 0.691511 0.339303 0
vt 0.595756 0.419652 0
vt 0.933013 0.25 0
vt 0.82476 0.3125 0
vt 0.716506 0.375 0
vt 0.608253 0.4375 0
vt 0.969846 0.32899 0
vt 0.852385 0.371742 0
vt 0.734923 0.414495 0
vt 0.617462 0.457247 0
vt 0.992404 0.413176 0
vt 0.869303 0.434882 0
vt 0.746202 0.456588 0
vt 0.623101 0.478294 0
vt 1 0 0
vt 0 0 0
vt 1 0.047619 0
vt 0 0.047619 0
vt 1 0.095238 0
vt 0 0.095238 0
vt 1 0.142857 0
vt 0 0.142857 0
vt 1 0.190476 0
vt 0 0.190476 0
vt 1 0.238095 0
vt 0 0.238095 0
vt 1 0.285714 0
vt 0 0.285714 0
vt 1 0.333333 0
vt 0 0.333333 0
vt 1 0.380952 0
vt 0 0.380952 0
vt 1 0.428571 0
vt 0 0.428571 0
vt 1 0.47619 0
vt 0 0.47619 0
vt 1 0.52381 0
vt 0 0.52381 0
vt 1 0.571429 0
vt 0 0.571429 0
vt 1 0.619048 0
vt 0 0.619048 0
vt 1 0.666667 0
vt 0 0.666667 0
vt 1 0.714286 0
vt 0 0.714286 0
vt 1 0.761905 0
vt 0 0.761905 0
vt 1 0.809524 0
vt 0 0.809524 0
vt 1 0.857143 0
vt 0 0.857143 0
vt 1 0.904762 0
vt 0 0.904762 0
vt 1 0.952381 0
vt 0 0.952381 0
vt 1 1 0
vt 0 1 0
vt 0.055556 0 0
vt 0.055556 0.047619 0
vt 0.055556 0.095238 0
vt 0.055556 0.142857 0
vt 0.055556 0.190476 0
vt 0.055556 0.238095 0
vt 0.055556 0.285714 0
vt 0.055556 0.333333 0
vt 0.055556 0.380952 0
vt 0.055556 0.428571 0
vt 0.055556 0.47619 0
vt 0.055556 0.52381 0
vt 0.055556 0.571429 0
vt 0.055556 0.619048 0
vt 0.055556 0.666667 0
vt 0.055556 0.714286 0
vt 0.055556 0.761905 0
vt 0.055556 0.809524 0
vt 0.055556 0.857143 0
vt 0.055556 0.904762 0
vt 0.055556 0.952381 0
vt 0.055556 1 0
vt 0.111111 0 0
vt 0.111111 0.047619 0
vt 0.111111 0.095238 0
vt 0.111111 0.142857 0
vt 0.111111 0.190476 0
vt 0.111111 0.238095 0
vt 0.111111 0.285714 0
vt 0.111111 0.333333 0
vt 0.111111 0.380952 0
vt 0.111111 0.428571 0
vt 0.111111 0.47619 0
vt 0.111111 0.52381 0
vt 0.111111 0.571429 0
vt 0.111111 0.619048 0
vt 0.111111 0.666667 0
vt 0.111111 0.714286 0
vt 0.111111 0.761905 0
vt 0.111111 0.809524 0
vt 0.111111 0.857143 0
vt 0.111111 0.904762 0
vt 0.111111 0.952381 0
vt 0.111111 1 0
vt 0.166667 0 0
vt 0.166667 0.047619 0
vt 0.166667 0.095238 0
vt 0.166667 0.142857 0
vt 0.166667 0.190476 0
vt 0.166667 0.238095 0
vt 0.166667 0.285714 0
vt 0.166667 0.333333 0
vt 0.166667 0.380952 0
vt 0.166667 0.428571 0
vt 0.166667 0.47619 0
vt 0.166667 0.52381 0
vt 0.166667 0.571429 0
vt 0.166667 0.619048 0
vt 0.166667 0.666667 0
vt 0.166667 0.714286 0
vt 0.166667 0.761905 0
vt 0.166667 0.809524 0
vt 0.166667 0.857143 0
vt 0.166667 0.904762 0
vt 0.166667 0.952381 0
vt 0.166667 1 0
vt 0.222222 0 0
vt 0.222222 0.047619 0
vt 0.222222 0.095238 0
vt 0.222222 0.142857 0
vt 0.222222 0.190476 0
vt 0.222222 0.238095 0
vt 0.222222 0.285714 0
vt 0.222222 0.333333 0
vt 0.222222 0.380952 0
vt 0.222222 0.428571 0
vt 0.222222 0.47619 0
vt 0.222222 0.52381 0
vt 0.222222 0.571429 0
vt 0.222222 0.619048 0
vt 0.222222 0.666667 0
vt 0.222222 0.714286 0
vt 0.222222 0.761905 0
vt 0.222222 0.809524 0
vt 0.222222 0.857143 0
vt 0.222222 0.904762 0
vt 0.222222 0.952381 0
vt 0.222222 1 0
vt 0.277778 0 0
vt 0.277778 0.047619 0
vt 0.277778 0.095238 0
vt 0.277778 0.142857 0
vt 0.277778 0.190476 0
vt 0.277778 0.238095 0
vt 0.277778 0.285714 0
vt 0.277778 0.333333 0
vt 0.277778 0.380952 0
vt 0.277778 0.428571 0
vt 0.277778 0.47619 0
vt 0.277778 0.52381 0
vt 0.277778 0.571429 0
vt 0.277778 0.619048 0
vt 0.277778 0.666667 0
vt 0.277778 0.714286 0
vt 0.277778 0.761905 0
vt 0.277778 0.809524 0
vt 0.277778 0.857143 0
vt 0.277778 0.904762 0
vt 0.277778 0.952381 0
vt 0.277778 1 0
vt 0.333333 0 0
vt 0.333333 0.047619 0
vt 0.333333 0.095238 0
vt 0.333333 0.142857 0
vt 0.333333 0.190476 0
vt 0.333333 0.238095 0
vt 0.333333 0.285714 0
vt 0.333333 0.333333 0
vt 0.333333 0.380952 0
vt 0.333333 0.428571 0
vt 0.333333 0.47619 0
vt 0.333333 0.52381 0
vt 0.333333 0.571429 0
vt 0.333333 0.619048 0
vt 0.333333 0.666667 0
vt 0.333333 0.714286 0
vt 0.333333 0.761905 0
vt 0.333333 0.809524 0
vt 0.333333 0.857143 0
vt 0.333333 0.904762 0
vt 0.333333 0.952381 0
vt 0.333333 1 0
vt 0.388889 0 0
vt 0.388889 0.047619 0
vt 0.388889 0.095238 0
vt 0.388889 0.142857 0
vt 0.388889 0.190476 0
vt 0.388889 0.238095 0
vt 0.388889 0.285714 0
vt 0.388889 0.333333 0
vt 0.388889 0.380952 0
vt 0.388889 0.428571 0
vt 0.388889 0.47619 0
vt 0.388889 0.52381 0
vt 0.388889 0.571429 0
vt 0.388889 0.619048 0
vt 0.388889 0.666667 0
vt 0.388889 0.714286 0
vt 0.388889 0.761905 0
vt 0.388889 0.809524 0
vt 0.388889 0.857143 0
vt 0.388889 0.904762 0
vt 0.388889 0.952381 0
vt 0.388889 1 0
vt 0.444444 0 0
vt 0.444444 0.047619 0
vt 0.444444 0.095238 0
vt 0.444444 0.142857 0
vt 0.444444 0.190476 0
vt 0.444444 0.238095 0
vt 0.444444 0.285714 0
vt 0.444444 0.333333 0
vt 0.444444 0.380952 0
vt 0.444444 0.428571 0
vt 0.444444 0.47619 0
vt 0.444444 0.52381 0
vt 0.444444 0.571429 0
vt 0.444444 0.619048 0
vt 0.444444 0.666667 0
vt 0.444444 0.714286 0
vt 0.444444 0.761905 0
vt 0.444444 0.809524 0
vt 0.444444 0.857143 0
vt 0.444444 0.904762 0
vt 0.444444 0.952381 0
vt 0.444444 1 0
vt 0.5 0 0
vt 0.5 0.047619 0
vt 0.5 0.095238 0
vt 0.5 0.142857 0
vt 0.5 0.190476 0
vt 0.5 0.238095 0
vt 0.5 0.285714 0
vt 0.5 0.333333 0
vt 0.5 0.380952 0
vt 0.5 0.428571 0
vt 0.5 0.47619 0
vt 0.5 0.52381 0
vt 0.5 0.571429 0
vt 0.5 0.619048 0
vt 0.5 0.666667 0
vt 0.5 0.714286 0
vt 0.5 0.761905 0
vt 0.5 0.809524 0
vt 0.5 0.857143 0
vt 0.5 0.904762 0
vt 0.5 0.952381 0
vt 0.5 1 0
vt 0.555556 0 0
vt 0.555556 0.047619 0
vt 0.555556 0.095238 0
vt 0.555556 0.142857 0
vt 0.555556 0.190476 0
vt 0.555556 0.238095 0
vt 0.555556 0.285714 0
vt 0.555556 0.333333 0
vt 0.555556 0.380952 0
vt 0.555556 0.428571 0
vt 0.555556 0.47619 0
vt 0.555556 0.52381 0
vt 0.555556 0.571429 0
vt 0.555556 0.619048 0
vt 0.555556 0.666667 0
vt 0.555556 0.714286 0
vt 0.555556 0.761905 0
vt 0.555556 0.809524 0
vt 0.555556 0.857143 0
vt 0.555556 0.904762 0
vt 0.555556 0.952381 0
vt 0.555556 1 0
vt 0.611111 0 0
vt 0.611111 0.047619 0
vt 0.611111 0.095238 0
vt 0.611111 0.142857 0
vt 0.611111 0.190476 0
vt 0.611111 0.238095 0
vt 0.611111 0.285714 0
vt 0.611111 0.333333 0
vt 0.611111 0.380952 0
vt 0.611111 0.428571 0
vt 0.611111 0.47619 0
vt 0.611111 0.52381 0
vt 0.611111 0.571429 0
vt 0.611111 0.619048 0
vt 0.611111 0.666667 0
vt 0.611111 0.714286 0
vt 0.611111 0.761905 0
vt 0.611111 0.809524 0
vt 0.611111 0.857143 0
vt 0.611111 0.904762 0
vt 0.611111 0.952381 0
vt 0.611111 1 0
vt 0.666667 0 0
vt 0.666667 0.047619 0
vt 0.666667 0.095238 0
vt 0.666667 0.142857 0
vt 0.666667 0.190476 0
vt 0.666667 0.238095 0
vt 0.666667 0.285714 0
vt 0.666667 0.333333 0
vt 0.666667 0.380952 0
vt 0.666667 0.428571 0
vt 0.666667 0.47619 0
vt 0.666667 0.52381 0
vt 0.666667 0.571429 0
vt 0.666667 0.619048 0
vt 0.666667 0.666667 0
vt 0.666667 0.714286 0
vt 0.666667 0.761905 0
vt 0.666667 0.809524 0
vt 0.666667 0.857143 0
vt 0.666667 0.904762 0
vt 0.666667 0.952381 0
vt 0.666667 1 0
vt 0.722222 0 0
vt 0.722222 0.047619 0
vt 0.722222 0.095238 0
vt 0.722222 0.142857 0
vt 0.722222 0.190476 0
vt 0.722222 0.238095 0
vt 0.722222 0.285714 0
vt 0.722222 0.333333 0
vt 0.722222 0.380952 0
vt 0.722222 0.428571 0
vt 0.722222 0.47619 0
vt 0.722222 0.52381 0
vt 0.722222 0.571429 0
vt 0.722222 0.619048 0
vt 0.722222 0.666667 0
vt 0.722222 0.714286 0
vt 0.722222 0.761905 0
vt 0.722222 0.809524 0
vt 0.722222 0.857143 0
vt 0.722222 0.904762 0
vt 0.722222 0.952381 0
vt 0.722222 1 0
vt 0.777778 0 0
vt 0.777778 0.047619 0
vt 0.777778 0.095238 0
vt 0.777778 0.142857 0
vt 0.777778 0.190476 0
vt 0.777778 0.238095 0
vt 0.777778 0.285714 0
vt 0.777778 0.333333 0
vt 0.777778 0.380952 0
vt 0.777778 0.428571 0
vt 0.777778 0.47619 0
vt 0.777778 0.52381 0
vt 0.777778 0.571429 0
vt 0.777778 0.619048 0
vt 0.777778 0.666667 0
vt 0.777778 0.714286 0
vt 0.777778 0.761905 0
vt 0.777778 0.809524 0
vt 0.777778 0.857143 0
vt 0.777778 0.904762 0
vt 0.777778 0.952381 0
vt 0.777778 1 0
vt 0.833333 0 0
vt 0.833333 0.047619 0
vt 0.833333 0.095238 0
vt 0.833333 0.142857 0
vt 0.833333 0.190476 0
vt 0.833333 0.238095 0
vt 0.833333 0.285714 0
vt 0.833333 0.333333 0
vt 0.833333 0.380952 0
vt 0.833333 0.428571 0
vt 0.833333 0.47619 0
vt 0.833333 0.52381 0
vt 0.833333 0.571429 0
vt 0.833333 0.619048 0
vt 0.833333 0.666667 0
vt 0.833333 0.714286 0
vt 0.833333 0.761905 0
vt 0.833333 0.809524 0
vt 0.833333 0.857143 0
vt 0.833333 0.904762 0
vt 0.833333 0.952381 0
vt 0.833333 1 0
vt 0.888889 0 0
vt 0.888889 0.047619 0
vt 0.888889 0.095238 0
vt 0.888889 0.142857 0
vt 0.888889 0.190476 0
vt 0.888889 0.238095 0
vt 0.888889 0.285714 0
vt 0.888889 0.333333 0
vt 0.888889 0.380952 0
vt 0.888889 0.428571 0
vt 0.888889 0.47619 0
vt 0.888889 0.52381 0
vt 0.888889 0.571429 0
vt 0.888889 0.619048 0
vt 0.888889 0.666667 0
vt 0.888889 0.714286 0
vt 0.888889 0.761905 0
vt 0.888889 0.809524 0
vt 0.888889 0.857143 0
vt 0.888889 0.904762 0
vt 0.888889 0.952381 0
vt 0.888889 1 0
vt 0.944444 0 0
vt 0.944444 0.047619 0
vt 0.944444 0.095238 0
vt 0.944444 0.142857 0
vt 0.944444 0.190476 0
vt 0.944444 0.238095 0
vt 0.944444 0.285714 0
vt 0.944444 0.333333 0
vt 0.944444 0.380952 0
vt 0.944444 0.428571 0
vt 0.944444 0.47619 0
vt 0.944444 0.52381 0
vt 0.944444 0.571429 0
vt 0.944444 0.619048 0
vt 0.944444 0.666667 0
vt 0.944444 0.714286 0
vt 0.944444 0.761905 0
vt 0.944444 0.809524 0
vt 0.944444 0.857143 0
vt 0.944444 0.904762 0
vt 0.944444 0.952381 0
vt 0.944444 1 0

f 4/51 28/76 27/75 3/50 
f 5/52 29/77 28/76 4/51 
f 6/53 30/78 29/77 5/52 
f 7/54 31/79 30/78 6/53 
f 8/55 32/80 31/79 7/54 
f 9/56 33/81 32/80 8/55 
f 10/57 34/82 33/81 9/56 
f 11/58 35/83 34/82 10/57 
f 12/59 36/84 35/83 11/58 
f 13/60 37/85 36/84 12/59 
f 14/61 38/86 37/85 13/60 
f 15/62 39/87 38/86 14/61 
f 16/63 40/88 39/87 15/62 
f 17/64 41/89 40/88 16/63 
f 18/65 42/90 41/89 17/64 
f 19/66 43/91 42/90 18/65 
f 20/67 44/92 43/91 19/66 
f 21/68 45/93 44/92 20/67 
f 22/69 46/94 45/93 21/68 
f 23/70 47/95 46/94 22/69 
f 24/71 48/96 47/95 23/70 
f 25/72 49/97 48/96 24/71 
f 26/73 50/98 49/97 25/72 
f 3/49 27/74 50/98 26/73 
f 28/76 52/101 51/100 27/75 
f 29/77 53/102 52/101 28/76 
f 30/78 54/103 53/102 29/77 
f 31/79 55/104 54/103 30/78 
f 32/80 56/105 55/104 31/79 
f 33/81 57/106 56/105 32/80 
f 34/82 58/107 57/106 33/81 
f 35/83 59/108 58/107 34/82 
f 36/84 60/109 59/108 35/83 
f 37/85 61/110 60/109 36/84 
f 38/86 62/111 61/110 37/85 
f 39/87 63/112 62/111 38/86 
f 40/88 64/113 63/112 39/87 
f 41/89 65/114 64/113 40/88 
f 42/90 66/115 65/114 41/89 
f 43/91 67/116 66/115 42/90 
f 44/92 68/117 67/116 43/91 
f 45/93 69/118 68/117 44/92 
f 46/94 70/119 69/118 45/93 
f 47/95 71/120 70/119 46/94 
f 48/96 72/121 71/120 47/95 
f 49/97 73/122 72/121 48/96 
f 50/98 74/123 73/122 49/97 
f 27/74 51/99 74/123 50/98 
f 52/101 76/126 75/125 51/100 
f 53/102 77/127 76/126 52/101 
f 54/103 78/128 77/127 53/102 
f 55/104 79/129 78/128 54/103 
f 56/105 80/130 79/129 55/104 
f 57/106 81/131 80/130 56/105 
f 58/107 82/132 81/131 57/106 
f 59/108 83/133 82/132 58/107 
f 60/109 84/134 83/133 59/108 
f 61/110 85/135 84/134 60/109 
f 62/111 86/136 85/135 61/110 
f 63/112 87/137 86/136 62/111 
f 64/113 88/138 87/137 63/112 
f 65/114 89/139 88/138 64/113 
f 66/115 90/140 89/139 65/114 
f 67/116 91/141 90/140 66/115 
f 68/117 92/142 91/141 67/116 
f 69/118 93/143 92/142 68/117 
f 70/119 94/144 93/143 69/118 
f 71/120 95/145 94/144 70/119 
f 72/121 96/146 95/145 71/120 
f 73/122 97/147 96/146 72/121 
f 74/123 98/148 97/147 73/122 
f 51/99 75/124 98/148 74/123 
f 76/126 100/151 99/150 75/125 
f 77/127 101/152 100/151 76/126 
f 78/128 102/153 101/152 77/127 
f 79/129 103/154 102/153 78/128 
f 80/130 104/155 103/154 79/129 
f 81/131 105/156 104/155 80/130 
f 82/132 106/157 105/156 81/131 
f 83/133 107/158 106/157 82/132 
f 84/134 108/159 107/158 83/133 
f 85/135 109/160 108/159 84/134 
f 86/136 110/161 109/160 85/135 
f 87/137 111/162 110/161 86/136 
f 88/138 112/163 111/162 87/137 
f 89/139 113/164 112/163 88/138 
f 90/140 114/165 113/164 89/139 
f 91/141 115/166 114/165 90/140 
f 92/142 116/167 115/166 91/141 
f 93/143 117/168 116/167 92/142 
f 94/144 118/169 117/168 93/143 
f 95/145 119/170 118/169 94/144 
f 96/146 120/171 119/170 95/145 
f 97/147 121/172 120/171 96/146 
f 98/148 122/173 121/172 97/147 
f 75/124 99/149 122/173 98/148 
f 100/151 124/176 123/175 99/150 
f 101/152 125/177 124/176 100/151 
f 102/153 126/178 125/177 101/152 
f 103/154 127/179 126/178 102/153 
f 104/155 128/180 127/179 103/154 
f 105/156 129/181 128/180 104/155 
f 106/157 130/182 129/181 105/156 
f 107/158 131/183 130/182 106/157 
f 108/159 132/184 131/183 107/158 
f 109/160 133/185 132/184 108/159 
f 110/161 134/186 133/185 109/160 
f 111/162 135/187 134/186 110/161 
f 112/163 136/188 135/187 111/162 
f 113/164 137/189 136/188 112/163 
f 114/165 138/190 137/189 113/164 
f 115/166 139/191 138/190 114/165 
f 116/167 140/192 139/191 115/166 
f 117/168 141/193 140/192 116/167 
f 118/169 142/194 141/193 117/168 
f 119/170 143/195 142/194 118/169 
f 120/171 144/196 143/195 119/170 
f 121/172 145/197 144/196 120/171 
f 122/173 146/198 145/197 121/172 
f 99/149 123/174 146/198 122/173 
f 124/176 148/201 147/200 123/175 
f 125/177 149/202 148/201 124/176 
f 126/178 150/203 149/202 125/177 
f 127/179 151/204 150/203 126/178 
f 128/180 152/205 151/204 127/179 
f 129/181 153/206 152/205 128/180 
f 130/182 154/207 153/206 129/181 
f 131/183 155/208 154/207 130/182 
f 132/184 156/209 155/208 131/183 
f 133/185 157/210 156/209 132/184 
f 134/186 158/211 157/210 133/185 
f 135/187 159/212 158/211 134/186 
f 136/188 160/213 159/212 135/187 
f 137/189 161/214 160/213 136/188 
f 138/190 162/215 161/214 137/189 
f 139/191 163/216 162/215 138/190 
f 140/192 164/217 163/216 139/191 
f 141/193 165/218 164/217 140/192 
f 142/194 166/219 165/218 141/193 
f 143/195 167/220 166/219 142/194 
f 144/196 168/221 167/220 143/195 
f 145/197 169/222 168/221 144/196 
f 146/198 170/223 169/222 145/197 
f 123/174 147/199 170/223 146/198 
f 148/201 172/226 171/225 147/200 
f 149/202 173/227 172/226 148/201 
f 150/203 174/228 173/227 149/202 
f 151/204 175/229 174/228 150/203 
f 152/205 176/230 175/229 151/204 
f 153/206 177/231 176/230 152/205 
f 154/207 178/232 177/231 153/206 
f 155/208 179/233 178/232 154/207 
f 156/209 180/234 179/233 155/208 
f 157/210 181/235 180/234 156/209 
f 158/211 182/236 181/235 157/210 
f 159/212 183/237 182/236 158/211 
f 160/213 184/238 183/237 159/212 
f 161/214 185/239 184/238 160/213 
f 162/215 186/240 185/239 161/214 
f 163/216 187/241 186/240 162/215 
f 164/217 188/242 187/241 163/216 
f 165/218 189/243 188/242 164/217 
f 166/219 190/244 189/243 165/218 
f 167/220 191/245 190/244 166/219 
f 168/221 192/246 191/245 167/220 
f 169/222 193/247 192/246 168/221 
f 170/223 194/248 193/247 169/222 
f 147/199 171/224 194/248 170/223 
f 172/226 196/251 195/250 171/225 
f 173/227 197/252 196/251 172/226 
f 174/228 198/253 197/252 173/227 
f 175/229 199/254 198/253 174/228 
f 176/230 200/255 199/254 175/229 
f 177/231 201/256 200/255 176/230 
f 178/232 202/257 201/256 177/231 
f 179/233 203/258 202/257 178/232 
f 180/234 204/259 203/258 179/233 
f 181/235 205/260 204/259 180/234 
f 182/236 206/261 205/260 181/235 
f 183/237 207/262 206/261 182/236 
f 184/238 208/263 207/262 183/237 
f 185/239 209/264 208/263 184/238 
f 186/240 210/265 209/264 185/239 
f 187/241 211/266 210/265 186/240 
f 188/242 212/267 211/266 187/241 
f 189/243 213/268 212/267 188/242 
f 190/244 214/269 213/268 189/243 
f 191/245 215/270 214/269 190/244 
f 192/246 216/271 215/270 191/245 
f 193/247 217/272 216/271 192/246 
f 194/248 218/273 217/272 193/247 
f 171/224 195/249 218/273 194/248 
f 196/251 220/276 219/275 195/250 
f 197/252 221/277 220/276 196/251 
f 198/253 222/278 221/277 197/252 
f 199/254 223/279 222/278 198/253 
f 200/255 224/280 223/279 199/254 
f 201/256 225/281 224/280 200/255 
f 202/257 226/282 225/281 201/256 
f 203/258 227/283 226/282 202/257 
f 204/259 228/284 227/283 203/258 
f 205/260 229/285 228/284 204/259 
f 206/261 230/286 229/285 205/260 
f 207/262 231/287 230/286 206/261 
f 208/263 232/288 231/287 207/262 
f 209/264 233/289 232/288 208/263 
f 210/265 234/290 233/289 209/264 
f 211/266 235/291 234/290 210/265 
f 212/267 236/292 235/291 211/266 
f 213/268 237/293 236/292 212/267 
f 214/269 238/294 237/293 213/268 
f 215/270 239/295 238/294 214/269 
f 216/271 240/296 239/295 215/270 
f 217/272 241/297 240/296 216/271 
f 218/273 242/298 241/297 217/272 
f 195/249 219/274 242/298 218/273 
f 220/276 244/301 243/300 219/275 
f 221/277 245/302 244/301 220/276 
f 222/278 246/303 245/302 221/277 
f 223/279 247/304 246/303 222/278 
f 224/280 248/305 247/304 223/279 
f 225/281 249/306 248/305 224/280 
f 226/282 250/307 249/306 225/281 
f 227/283 251/308 250/307 226/282 
f 228/284 252/309 251/308 227/283 
f 229/285 253/310 252/309 228/284 
f 230/286 254/311 253/310 229/285 
f 231/287 255/312 254/311 230/286 
f 232/288 256/313 255/312 231/287 
f 233/289 257/314 256/313 232/288 
f 234/290 258/315 257/314 233/289 
f 235/291 259/316 258/315 234/290 
f 236/292 260/317 259/316 235/291 
f 237/293 261/318 260/317 236/292 
f 238/294 262/319 261/318 237/293 
f 239/295 263/320 262/319 238/294 
f 240/296 264/321 263/320 239/295 
f 241/297 265/322 264/321 240/296 
f 242/298 266/323 265/322 241/297 
f 219/274 243/299 266/323 242/298 
f 4/51 3/50 1/24 
f 2/48 243/300 244/301 
f 5/52 4/51 1/23 
f 2/47 244/301 245/302 
f 6/53 5/52 1/22 
f 2/46 245/302 246/303 
f 7/54 6/53 1/21 
f 2/45 246/303 247/304 
f 8/55 7/54 1/20 
f 2/44 247/304 248/305 
f 9/56 8/55 1/19 
f 2/43 248/305 249/306 
f 10/57 9/56 1/18 
f 2/42 249/306 250/307 
f 11/58 10/57 1/17 
f 2/41 250/307 251/308 
f 12/59 11/58 1/16 
f 2/40 251/308 252/309 
f 13/60 12/59 1/15 
f 2/39 252/309 253/310 
f 14/61 13/60 1/14 
f 2/38 253/310 254/311 
f 15/62 14/61 1/13 
f 2/37 254/311 255/312 
f 16/63 15/62 1/12 
f 2/36 255/312 256/313 
f 17/64 16/63 1/11 
f 2/35 256/313 257/314 
f 18/65 17/64 1/10 
f 2/34 257/314 258/315 
f 19/66 18/65 1/9 
f 2/33 258/315 259/316 
f 20/67 19/66 1/8 
f 2/32 259/316 260/317 
f 21/68 20/67 1/7 
f 2/31 260/317 261/318 
f 22/69 21/68 1/6 
f 2/30 261/318 262/319 
f 23/70 22/69 1/5 
f 2/29 262/319 263/320 
f 24/71 23/70 1/4 
f 2/28 263/320 264/321 
f 25/72 24/71 1/3 
f 2/27 264/321 265/322 
f 26/73 25/72 1/2 
f 2/26 265/322 266/323 
f 3/49 26/73 1/1 
f 2/25 266/323 243/299 
f 270/374 294/399 293/398 269/373 
f 271/375 295/400 294/399 270/374 
f 272/376 296/401 295/400 271/375 
f 273/377 297/402 296/401 272/376 
f 274/378 298/403 297/402 273/377 
f 275/379 299/404 298/403 274/378 
f 276/380 300/405 299/404 275/379 
f 277/381 301/406 300/405 276/380 
f 278/382 302/407 301/406 277/381 
f 279/383 303/408 302/407 278/382 
f 280/384 304/409 303/408 279/383 
f 281/385 305/410 304/409 280/384 
f 282/386 306/411 305/410 281/385 
f 283/387 307/412 306/411 282/386 
f 284/388 308/413 307/412 283/387 
f 285/389 309/414 308/413 284/388 
f 286/390 310/415 309/414 285/389 
f 287/391 311/416 310/415 286/390 
f 288/392 312/417 311/416 287/391 
f 289/393 313/418 312/417 288/392 
f 290/394 314/419 313/418 289/393 
f 291/395 315/420 314/419 290/394 
f 292/396 316/421 315/420 291/395 
f 269/372 293/397 316/421 292/396 
f 294/399 318/424 317/423 293/398 
f 295/400 319/425 318/424 294/399 
f 296/401 320/426 319/425 295/400 
f 297/402 321/427 320/426 296/401 
f 298/403 322/428 321/427 297/402 
f 299/404 323/429 322/428 298/403 
f 300/405 324/430 323/429 299/404 
f 301/406 325/431 324/430 300/405 
f 302/407 326/432 325/431 301/406 
f 303/408 327/433 326/432 302/407 
f 304/409 328/434 327/433 303/408 
f 305/410 329/435 328/434 304/409 
f 306/411 330/436 329/435 305/410 
f 307/412 331/437 330/436 306/411 
f 308/413 332/438 331/437 307/412 
f 309/414 333/439 332/438 308/413 
f 310/415 334/440 333/439 309/414 
f 311/416 335/441 334/440 310/415 
f 312/417 336/442 335/441 311/416 
f 313/418 337/443 336/442 312/417 
f 314/419 338/444 337/443 313/418 
f 315/420 339/445 338/444 314/419 
f 316/421 340/446 339/445 315/420 
f 293/397 317/422 340/446 316/421 
f 318/424 342/449 341/448 317/423 
f 319/425 343/450 342/449 318/424 
f 320/426 344/451 343/450 319/425 
f 321/427 345/452 344/451 320/426 
f 322/428 346/453 345/452 321/427 
f 323/429 347/454 346/453 322/428 
f 324/430 348/455 347/454 323/429 
f 325/431 349/456 348/455 324/430 
f 326/432 350/457 349/456 325/431 
f 327/433 351/458 350/457 326/432 
f 328/434 352/459 351/458 327/433 
f 329/435 353/460 352/459 328/434 
f 330/436 354/461 353/460 329/435 
f 331/437 355/462 354/461 330/436 
f 332/438 356/463 355/462 331/437 
f 333/439 357/464 356/463 332/438 
f 334/440 358/465 357/464 333/439 
f 335/441 359/466 358/465 334/440 
f 336/442 360/467 359/466 335/441 
f 337/443 361/468 360/467 336/442 
f 338/444 362/469 361/468 337/443 
f 339/445 363/470 362/469 338/444 
f 340/446 364/471 363/470 339/445 
f 317/422 341/447 364/471 340/446 
f 342/449 366/474 365/473 341/448 
f 343/450 367/475 366/474 342/449 
f 344/451 368/476 367/475 343/450 
f 345/452 369/477 368/476 344/451 
f 346/453 370/478 369/477 345/452 
f 347/454 371/479 370/478 346/453 
f 348/455 372/480 371/479 347/454 
f 349/456 373/481 372/480 348/455 
f 350/457 374/482 373/481 349/456 
f 351/458 375/483 374/482 350/457 
f 352/459 376/484 375/483 351/458 
f 353/460 377/485 376/484 352/459 
f 354/461 378/486 377/485 353/460 
f 355/462 379/487 378/486 354/461 
f 356/463 380/488 379/487 355/462 
f 357/464 381/489 380/488 356/463 
f 358/465 382/490 381/489 357/464 
f 359/466 383/491 382/490 358/465 
f 360/467 384/492 383/491 359/466 
f 361/468 385/493 384/492 360/467 
f 362/469 386/494 385/493 361/468 
f 363/470 387/495 386/494 362/469 
f 364/471 388/496 387/495 363/470 
f 341/447 365/472 388/496 364/471 
f 366/474 390/499 389/498 365/473 
f 367/475 391/500 390/499 366/474 
f 368/476 392/501 391/500 367/475 
f 369/477 393/502 392/501 368/476 
f 370/478 394/503 393/502 369/477 
f 371/479 395/504 394/503 370/478 
f 372/480 396/505 395/504 371/479 
f 373/481 397/506 396/505 372/480 
f 374/482 398/507 397/506 373/481 
f 375/483 399/508 398/507 374/482 
f 376/484 400/509 399/508 375/483 
f 377/485 401/510 400/509 376/484 
f 378/486 402/511 401/510 377/485 
f 379/487 403/512 402/511 378/486 
f 380/488 404/513 403/512 379/487 
f 381/489 405/514 404/513 380/488 
f 382/490 406/515 405/514 381/489 
f 383/491 407/516 406/515 382/490 
f 384/492 408/517 407/516 383/491 
f 385/493 409/518 408/517 384/492 
f 386/494 410/519 409/518 385/493 
f 387/495 411/520 410/519 386/494 
f 388/496 412/521 411/520 387/495 
f 365/472 389/497 412/521 388/496 
f 390/499 414/524 413/523 389/498 
f 391/500 415/525 414/524 390/499 
f 392/501 416/526 415/525 391/500 
f 393/502 417/527 416/526 392/501 
f 394/503 418/528 417/527 393/502 
f 395/504 419/529 418/528 394/503 
f 396/505 420/530 419/529 395/504 
f 397/506 421/531 420/530 396/505 
f 398/507 422/532 421/531 397/506 
f 399/508 423/533 422/532 398/507 
f 400/509 424/534 423/533 399/508 
f 401/510 425/535 424/534 400/509 
f 402/511 426/536 425/535 401/510 
f 403/512 427/537 426/536 402/511 
f 404/513 428/538 427/537 403/512 
f 405/514 429/539 428/538 404/513 
f 406/515 430/540 429/539 405/514 
f 407/516 431/541 430/540 406/515 
f 408/517 432/542 431/541 407/516 
f 409/518 433/543 432/542 408/517 
f 410/519 434/544 433/543 409/518 
f 411/520 435/545 434/544 410/519 
f 412/521 436/546 435/545 411/520 
f 389/497 413/522 436/546 412/521 
f 414/524 438/549 437/548 413/523 
f 415/525 439/550 438/549 414/524 
f 416/526 440/551 439/550 415/525 
f 417/527 441/552 440/551 416/526 
f 418/528 442/553 441/552 417/527 
f 419/529 443/554 442/553 418/528 
f 420/530 444/555 443/554 419/529 
f 421/531 445/556 444/555 420/530 
f 422/532 446/557 445/556 421/531 
f 423/533 447/558 446/557 422/532 
f 424/534 448/559 447/558 423/533 
f 425/535 449/560 448/559 424/534 
f 426/536 450/561 449/560 425/535 
f 427/537 451/562 450/561 426/536 
f 428/538 452/563 451/562 427/537 
f 429/539 453/564 452/563 428/538 
f 430/540 454/565 453/564 429/539 
f 431/541 455/566 454/565 430/540 
f 432/542 456/567 455/566 431/541 
f 433/543 457/568 456/567 432/542 
f 434/544 458/569 457/568 433/543 
f 435/545 459/570 458/569 434/544 
f 436/546 460/571 459/570 435/545 
f 413/522 437/547 460/571 436/546 
f 438/549 462/574 461/573 437/548 
f 439/550 463/575 462/574 438/549 
f 440/551 464/576 463/575 439/550 
f 441/552 465/577 464/576 440/551 
f 442/553 466/578 465/577 441/552 
f 443/554 467/579 466/578 442/553 
f 444/555 468/580 467/579 443/554 
f 445/556 469/581 468/580 444/555 
f 446/557 470/582 469/581 445/556 
f 447/558 471/583 470/582 446/557 
f 448/559 472/584 471/583 447/558 
f 449/560 473/585 472/584 448/559 
f 450/561 474/586 473/585 449/560 
f 451/562 475/587 474/586 450/561 
f 452/563 476/588 475/587 451/562 
f 453/564 477/589 476/588 452/563 
f 454/565 478/590 477/589 453/564 
f 455/566 479/591 478/590 454/565 
f 456/567 480/592 479/591 455/566 
f 457/568 481/593 480/592 456/567 
f 458/569 482/594 481/593 457/568 
f 459/570 483/595 482/594 458/569 
f 460/571 484/596 483/595 459/570 
f 437/547 461/572 484/596 460/571 
f 462/574 486/599 485/598 461/573 
f 463/575 487/600 486/599 462/574 
f 464/576 488/601 487/600 463/575 
f 465/577 489/602 488/601 464/576 
f 466/578 490/603 489/602 465/577 
f 467/579 491/604 490/603 466/578 
f 468/580 492/605 491/604 467/579 
f 469/581 493/606 492/605 468/580 
f 470/582 494/607 493/606 469/581 
f 471/583 495/608 494/607 470/582 
f 472/584 496/609 495/608 471/583 
f 473/585 497/610 496/609 472/584 
f 474/586 498/611 497/610 473/585 
f 475/587 499/612 498/611 474/586 
f 476/588 500/613 499/612 475/587 
f 477/589 501/614 500/613 476/588 
f 478/590 502/615 501/614 477/589 
f 479/591 503/616 502/615 478/590 
f 480/592 504/617 503/616 479/591 
f 481/593 505/618 504/617 480/592 
f 482/594 506/619 505/618 481/593 
f 483/595 507/620 506/619 482/594 
f 484/596 508/621 507/620 483/595 
f 461/572 485/597 508/621 484/596 
f 486/599 510/624 509/623 485/598 
f 487/600 511/625 510/624 486/599 
f 488/601 512/626 511/625 487/600 
f 489/602 513/627 512/626 488/601 
f 490/603 514/628 513/627 489/602 
f 491/604 515/629 514/628 490/603 
f 492/605 516/630 515/629 491/604 
f 493/606 517/631 516/630 492/605 
f 494/607 518/632 517/631 493/606 
f 495/608 519/633 518/632 494/607 
f 496/609 520/634 519/633 495/608 
f 497/610 521/635 520/634 496/609 
f 498/611 522/636 521/635 497/610 
f 499/612 523/637 522/636 498/611 
f 500/613 524/638 523/637 499/612 
f 501/614 525/639 524/638 500/613 
f 502/615 526/640 525/639 501/614 
f 503/616 527/641 526/640 502/615 
f 504/617 528/642 527/641 503/616 
f 505/618 529/643 528/642 504/617 
f 506/619 530/644 529/643 505/618 
f 507/620 531/645 530/644 506/619 
f 508/621 532/646 531/645 507/620 
f 485/597 509/622 532/646 508/621 
f 270/374 269/373 267/347 
f 268/371 509/623 510/624 
f 271/375 270/374 267/346 
f 268/370 510/624 511/625 
f 272/376 271/375 267/345 
f 268/369 511/625 512/626 
f 273/377 272/376 267/344 
f 268/368 512/626 513/627 
f 274/378 273/377 267/343 
f 268/367 513/627 514/628 
f 275/379 274/378 267/342 
f 268/366 514/628 515/629 
f 276/380 275/379 267/341 
f 268/365 515/629 516/630 
f 277/381 276/380 267/340 
f 268/364 516/630 517/631 
f 278/382 277/381 267/339 
f 268/363 517/631 518/632 
f 279/383 278/382 267/338 
f 268/362 518/632 519/633 
f 280/384 279/383 267/337 
f 268/361 519/633 520/634 
f 281/385 280/384 267/336 
f 268/360 520/634 521/635 
f 282/386 281/385 267/335 
f 268/359 521/635 522/636 
f 283/387 282/386 267/334 
f 268/358 522/636 523/637 
f 284/388 283/387 267/333 
f 268/357 523/637 524/638 
f 285/389 284/388 267/332 
f 268/356 524/638 525/639 
f 286/390 285/389 267/331 
f 268/355 525/639 526/640 
f 287/391 286/390 267/330 
f 268/354 526/640 527/641 
f 288/392 287/391 267/329 
f 268/353 527/641 528/642 
f 289/393 288/392 267/328 
f 268/352 528/642 529/643 
f 290/394 289/393 267/327 
f 268/351 529/643 530/644 
f 291/395 290/394 267/326 
f 268/350 530/644 531/645 
f 292/396 291/395 267/325 
f 268/349 531/645 532/646 
f 269/372 292/396 267/324 
f 268/348 532/646 509/622 
f 536/697 560/722 559/721 535/696 
f 537/698 561/723 560/722 536/697 
f 538/699 562/724 561/723 537/698 
f 539/700 563/725 562/724 538/699 
f 540/701 564/726 563/725 539/700 
f 541/702 565/727 564/726 540/701 
f 542/703 566/728 565/727 541/702 
f 543/704 567/729 566/728 542/703 
f 544/705 568/730 567/729 543/704 
f 545/706 569/731 568/730 544/705 
f 546/707 570/732 569/731 545/706 
f 547/708 571/733 570/732 546/707 
f 548/709 572/734 571/733 547/708 
f 549/710 573/735 572/734 548/709 
f 550/711 574/736 573/735 549/710 
f 551/712 575/737 574/736 550/711 
f 552/713 576/738 575/737 551/712 
f 553/714 577/739 576/738 552/713 
f 554/715 578/740 577/739 553/714 
f 555/716 579/741 578/740 554/715 
f 556/717 580/742 579/741 555/716 
f 557/718 581/743 580/742 556/717 
f 558/719 582/744 581/743 557/718 
f 535/695 559/720 582/744 558/719 
f 560/722 584/747 583/746 559/721 
f 561/723 585/748 584/747 560/722 
f 562/724 586/749 585/748 561/723 
f 563/725 587/750 586/749 562/724 
f 564/726 588/751 587/750 563/725 
f 565/727 589/752 588/751 564/726 
f 566/728 590/753 589/752 565/727 
f 567/729 591/754 590/753 566/728 
f 568/730 592/755 591/754 567/729 
f 569/731 593/756 592/755 568/730 
f 570/732 594/757 593/756 569/731 
f 571/733 595/758 594/757 570/732 
f 572/734 596/759 595/758 571/733 
f 573/735 597/760 596/759 572/734 
f 574/736 598/761 597/760 573/735 
f 575/737 599/762 598/761 574/736 
f 576/738 600/763 599/762 575/737 
f 577/739 601/764 600/763 576/738 
f 578/740 602/765 601/764 577/739 
f 579/741 603/766 602/765 578/740 
f 580/742 604/767 603/766 579/741 
f 581/743 605/768 604/767 580/742 
f 582/744 606/769 605/768 581/743 
f 559/720 583/745 606/769 582/744 
f 584/747 608/772 607/771 583/746 
f 585/748 609/773 608/772 584/747 
f 586/749 610/774 609/773 585/748 
f 587/750 611/775 610/774 586/749 
f 588/751 612/776 611/775 587/750 
f 589/752 613/777 612/776 588/751 
f 590/753 614/778 613/777 589/752 
f 591/754 615/779 614/778 590/753 
f 592/755 616/780 615/779 591/754 
f 593/756 617/781 616/780 592/755 
f 594/757 618/782 617/781 593/756 
f 595/758 619/783 618/782 594/757 
f 596/759 620/784 619/783 595/758 
f 597/760 621/785 620/784 596/759 
f 598/761 622/786 621/785 597/760 
f 599/762 623/787 622/786 598/761 
f 600/763 624/788 623/787 599/762 
f 601/764 625/789 624/788 600/763 
f 602/765 626/790 625/789 601/764 
f 603/766 627/791 626/790 602/765 
f 604/767 628/792 627/791 603/766 
f 605/768 629/793 628/792 604/767 
f 606/769 630/794 629/793 605/768 
f 583/745 607/770 630/794 606/769 
f 608/772 632/797 631/796 607/771 
f 609/773 633/798 632/797 608/772 
f 610/774 634/799 633/798 609/773 
f 611/775 635/800 634/799 610/774 
f 612/776 636/801 635/800 611/775 
f 613/777 637/802 636/801 612/776 
f 614/778 638/803 637/802 613/777 
f 615/779 639/804 638/803 614/778 
f 616/780 640/805 639/804 615/779 
f 617/781 641/806 640/805 616/780 
f 618/782 642/807 641/806 617/781 
f 619/783 643/808 642/807 618/782 
f 620/784 644/809 643/808 619/783 
f 621/785 645/810 644/809 620/784 
f 622/786 646/811 645/810 621/785 
f 623/787 647/812 646/811 622/786 
f 624/788 648/813 647/812 623/787 
f 625/789 649/814 648/813 624/788 
f 626/790 650/815 649/814 625/789 
f 627/791 651/816 650/815 626/790 
f 628/792 652/817 651/816 627/791 
f 629/793 653/818 652/817 628/792 
f 630/794 654/819 653/818 629/793 
f 607/770 631/795 654/819 630/794 
f 632/797 656/822 655/821 631/796 
f 633/798 657/823 656/822 632/797 
f 634/799 658/824 657/823 633/798 
f 635/800 659/825 658/824 634/799 
f 636/801 660/826 659/825 635/800 
f 637/802 661/827 660/826 636/801 
f 638/803 662/828 661/827 637/802 
f 639/804 663/829 662/828 638/803 
f 640/805 664/830 663/829 639/804 
f 641/806 665/831 664/830 640/805 
f 642/807 666/832 665/831 641/806 
f 643/808 667/833 666/832 642/807 
f 644/809 668/834 667/833 643/808 
f 645/810 669/835 668/834 644/809 
f 646/811 670/836 669/835 645/810 
f 647/812 671/837 670/836 646/811 
f 648/813 672/838 671/837 647/812 
f 649/814 673/839 672/838 648/813 
f 650/815 674/840 673/839 649/814 
f 651/816 675/841 674/840 650/815 
f 652/817 676/842 675/841 651/816 
f 653/818 677/843 676/842 652/817 
f 654/819 678/844 677/843 653/818 
f 631/795 655/820 678/844 654/819 
f 656/822 680/847 679/846 655/821 
f 657/823 681/848 680/847 656/822 
f 658/824 682/849 681/848 657/823 
f 659/825 683/850 682/849 658/824 
f 660/826 684/851 683/850 659/825 
f 661/827 685/852 684/851 660/826 
f 662/828 686/853 685/852 661/827 
f 663/829 687/854 686/853 662/828 
f 664/830 688/855 687/854 663/829 
f 665/831 689/856 688/855 664/830 
f 666/832 690/857 689/856 665/831 
f 667/833 691/858 690/857 666/832 
f 668/834 692/859 691/858 667/833 
f 669/835 693/860 692/859 668/834 
f 670/836 694/861 693/860 669/835 
f 671/837 695/862 694/861 670/836 
f 672/838 696/863 695/862 671/837 
f 673/839 697/864 696/863 672/838 
f 674/840 698/865 697/864 673/839 
f 675/841 699/866 698/865 674/840 
f 676/842 700/867 699/866 675/841 
f 677/843 701/868 700/867 676/842 
f 678/844 702/869 701/868 677/843 
f 655/820 679/845 702/869 678/844 
f 680/847 704/872 703/871 679/846 
f 681/848 705/873 704/872 680/847 
f 682/849 706/874 705/873 681/848 
f 683/850 707/875 706/874 682/849 
f 684/851 708/876 707/875 683/850 
f 685/852 709/877 708/876 684/851 
f 686/853 710/878 709/877 685/852 
f 687/854 711/879 710/878 686/853 
f 688/855 712/880 711/879 687/854 
f 689/856 713/881 712/880 688/855 
f 690/857 714/882 713/881 689/856 
f 691/858 715/883 714/882 690/857 
f 692/859 716/884 715/883 691/858 
f 693/860 717/885 716/884 692/859 
f 694/861 718/886 717/885 693/860 
f 695/862 719/887 718/886 694/861 
f 696/863 720/888 719/887 695/862 
f 697/864 721/889 720/888 696/863 
f 698/865 722/890 721/889 697/864 
f 699/866 723/891 722/890 698/865 
f 700/867 724/892 723/891 699/866 
f 701/868 725/893 724/892 700/867 
f 702/869 726/894 725/893 701/868 
f 679/845 703/870 726/894 702/869 
f 704/872 728/897 727/896 703/871 
f 705/873 729/898 728/897 704/872 
f 706/874 730/899 729/898 705/873 
f 707/875 731/900 730/899 706/874 
f 708/876 732/901 731/900 707/875 
f 709/877 733/902 732/901 708/876 
f 710/878 734/903 733/902 709/877 
f 711/879 735/904 734/903 710/878 
f 712/880 736/905 735/904 711/879 
f 713/881 737/906 736/905 712/880 
f 714/882 738/907 737/906 713/881 
f 715/883 739/908 738/907 714/882 
f 716/884 740/909 739/908 715/883 
f 717/885 741/910 740/909 716/884 
f 718/886 742/911 741/910 717/885 
f 719/887 743/912 742/911 718/886 
f 720/888 744/913 743/912 719/887 
f 721/889 745/914 744/913 720/888 
f 722/890 746/915 745/914 721/889 
f 723/891 747/916 746/915 722/890 
f 724/892 748/917 747/916 723/891 
f 725/893 749/918 748/917 724/892 
f 726/894 750/919 749/918 725/893 
f 703/870 727/895 750/919 726/894 
f 728/897 752/922 751/921 727/896 
f 729/898 753/923 752/922 728/897 
f 730/899 754/924 753/923 729/898 
f 731/900 755/925 754/924 730/899 
f 732/901 756/926 755/925 731/900 
f 733/902 757/927 756/926 732/901 
f 734/903 758/928 757/927 733/902 
f 735/904 759/929 758/928 734/903 
f 736/905 760/930 759/929 735/904 
f 737/906 761/931 760/930 736/905 
f 738/907 762/932 761/931 737/906 
f 739/908 763/933 762/932 738/907 
f 740/909 764/934 763/933 739/908 
f 741/910 765/935 764/934 740/909 
f 742/911 766/936 765/935 741/910 
f 743/912 767/937 766/936 742/911 
f 744/913 768/938 767/937 743/912 
f 745/914 769/939 768/938 744/913 
f 746/915 770/940 769/939 745/914 
f 747/916 771/941 770/940 746/915 
f 748/917 772/942 771/941 747/916 
f 749/918 773/943 772/942 748/917 
f 750/919 774/944 773/943 749/918 
f 727/895 751/920 774/944 750/919 
f 752/922 776/947 775/946 751/921 
f 753/923 777/948 776/947 752/922 
f 754/924 778/949 777/948 753/923 
f 755/925 779/950 778/949 754/924 
f 756/926 780/951 779/950 755/925 
f 757/927 781/952 780/951 756/926 
f 758/928 782/953 781/952 757/927 
f 759/929 783/954 782/953 758/928 
f 760/930 784/955 783/954 759/929 
f 761/931 785/956 784/955 760/930 
f 762/932 786/957 785/956 761/931 
f 763/933 787/958 786/957 762/932 
f 764/934 788/959 787/958 763/933 
f 765/935 789/960 788/959 764/934 
f 766/936 790/961 789/960 765/935 
f 767/937 791/962 790/961 766/936 
f 768/938 792/963 791/962 767/937 
f 769/939 793/964 792/963 768/938 
f 770/940 794/965 793/964 769/939 
f 771/941 795/966 794/965 770/940 
f 772/942 796/967 795/966 771/941 
f 773/943 797/968 796/967 772/942 
f 774/944 798/969 797/968 773/943 
f 751/920 775/945 798/969 774/944 
f 536/697 535/696 533/670 
f 534/694 775/946 776/947 
f 537/698 536/697 533/669 
f 534/693 776/947 777/948 
f 538/699 537/698 533/668 
f 534/692 777/948 778/949 
f 539/700 538/699 533/667 
f 534/691 778/949 779/950 
f 540/701 539/700 533/666 
f 534/690 779/950 780/951 
f 541/702 540/701 533/665 
f 534/689 780/951 781/952 
f 542/703 541/702 533/664 
f 534/688 781/952 782/953 
f 543/704 542/703 533/663 
f 534/687 782/953 783/954 
f 544/705 543/704 533/662 
f 534/686 783/954 784/955 
f 545/706 544/705 533/661 
f 534/685 784/955 785/956 
f 546/707 545/706 533/660 
f 534/684 785/956 786/957 
f 547/708 546/707 533/659 
f 534/683 786/957 787/958 
f 548/709 547/708 533/658 
f 534/682 787/958 788/959 
f 549/710 548/709 533/657 
f 534/681 788/959 789/960 
f 550/711 549/710 533/656 
f 534/680 789/960 790/961 
f 551/712 550/711 533/655 
f 534/679 790/961 791/962 
f 552/713 551/712 533/654 
f 534/678 791/962 792/963 
f 553/714 552/713 533/653 
f 534/677 792/963 793/964 
f 554/715 553/714 533/652 
f 534/676 793/964 794/965 
f 555/716 554/715 533/651 
f 534/675 794/965 795/966 
f 556/717 555/716 533/650 
f 534/674 795/966 796/967 
f 557/718 556/717 533/649 
f 534/673 796/967 797/968 
f 558/719 557/718 533/648 
f 534/672 797/968 798/969 
f 535/695 558/719 533/647 
f 534/671 798/969 775/945 
f 804/975 805/976 801/972 800/971 
f 805/976 806/977 802/973 801/972 
f 806/977 807/978 803/974 802/973 
f 807/978 799/970 803/974 
f 808/979 809/980 805/976 804/975 
f 809/980 810/981 806/977 805/976 
f 810/981 811/982 807/978 806/977 
f 811/982 799/970 807/978 
f 812/983 813/984 809/980 808/979 
f 813/984 814/985 810/981 809/980 
f 814/985 815/986 811/982 810/981 
f 815/986 799/970 811/982 
f 816/987 817/988 813/984 812/983 
f 817/988 818/989 814/985 813/984 
f 818/989 819/990 815/986 814/985 
f 819/990 799/970 815/986 
f 820/991 821/992 817/988 816/987 
f 821/992 822/993 818/989 817/988 
f 822/993 823/994 819/990 818/989 
f 823/994 799/970 819/990 
f 824/995 825/996 821/992 820/991 
f 825/996 826/997 822/993 821/992 
f 826/997 827/998 823/994 822/993 
f 827/998 799/970 823/994 
f 828/999 829/1000 825/996 824/995 
f 829/1000 830/1001 826/997 825/996 
f 830/1001 831/1002 827/998 826/997 
f 831/1002 799/970 827/998 
f 832/1003 833/1004 829/1000 828/999 
f 833/1004 834/1005 830/1001 829/1000 
f 834/1005 835/1006 831/1002 830/1001 
f 835/1006 799/970 831/1002 
f 836/1007 837/1008 833/1004 832/1003 
f 837/1008 838/1009 834/1005 833/1004 
f 838/1009 839/1010 835/1006 834/1005 
f 839/1010 799/970 835/1006 
f 840/1011 841/1012 837/1008 836/1007 
f 841/1012 842/1013 838/1009 837/1008 
f 842/1013 843/1014 839/1010 838/1009 
f 843/1014 799/970 839/1010 
f 844/1015 845/1016 841/1012 840/1011 
f 845/1016 846/1017 842/1013 841/1012 
f 846/1017 847/1018 843/1014 842/1013 
f 847/1018 799/970 843/1014 
f 848/1019 849/1020 845/1016 844/1015 
f 849/1020 850/1021 846/1017 845/1016 
f 850/1021 851/1022 847/1018 846/1017 
f 851/1022 799/970 847/1018 
f 852/1023 853/1024 849/1020 848/1019 
f 853/1024 854/1025 850/1021 849/1020 
f 854/1025 855/1026 851/1022 850/1021 
f 855/1026 799/970 851/1022 
f 856/1027 857/1028 853/1024 852/1023 
f 857/1028 858/1029 854/1025 853/1024 
f 858/1029 859/1030 855/1026 854/1025 
f 859/1030 799/970 855/1026 
f 860/1031 861/1032 857/1028 856/1027 
f 861/1032 862/1033 858/1029 857/1028 
f 862/1033 863/1034 859/1030 858/1029 
f 863/1034 799/970 859/1030 
f 864/1035 865/1036 861/1032 860/1031 
f 865/1036 866/1037 862/1033 861/1032 
f 866/1037 867/1038 863/1034 862/1033 
f 867/1038 799/970 863/1034 
f 868/1039 869/1040 865/1036 864/1035 
f 869/1040 870/1041 866/1037 865/1036 
f 870/1041 871/1042 867/1038 866/1037 
f 871/1042 799/970 867/1038 
f 872/1043 873/1044 869/1040 868/1039 
f 873/1044 874/1045 870/1041 869/1040 
f 874/1045 875/1046 871/1042 870/1041 
f 875/1046 799/970 871/1042 
f 876/1047 877/1048 873/1044 872/1043 
f 877/1048 878/1049 874/1045 873/1044 
f 878/1049 879/1050 875/1046 874/1045 
f 879/1050 799/970 875/1046 
f 880/1051 881/1052 877/1048 876/1047 
f 881/1052 882/1053 878/1049 877/1048 
f 882/1053 883/1054 879/1050 878/1049 
f 883/1054 799/970 879/1050 
f 884/1055 885/1056 881/1052 880/1051 
f 885/1056 886/1057 882/1053 881/1052 
f 886/1057 887/1058 883/1054 882/1053 
f 887/1058 799/970 883/1054 
f 888/1059 889/1060 885/1056 884/1055 
f 889/1060 890/1061 886/1057 885/1056 
f 890/1061 891/1062 887/1058 886/1057 
f 891/1062 799/970 887/1058 
f 892/1063 893/1064 889/1060 888/1059 
f 893/1064 894/1065 890/1061 889/1060 
f 894/1065 895/1066 891/1062 890/1061 
f 895/1066 799/970 891/1062 
f 896/1067 897/1068 893/1064 892/1063 
f 897/1068 898/1069 894/1065 893/1064 
f 898/1069 899/1070 895/1066 894/1065 
f 899/1070 799/970 895/1066 
f 900/1071 901/1072 897/1068 896/1067 
f 901/1072 902/1073 898/1069 897/1068 
f 902/1073 903/1074 899/1070 898/1069 
f 903/1074 799/970 899/1070 
f 904/1075 905/1076 901/1072 900/1071 
f 905/1076 906/1077 902/1073 901/1072 
f 906/1077 907/1078 903/1074 902/1073 
f 907/1078 799/970 903/1074 
f 908/1079 909/1080 905/1076 904/1075 
f 909/1080 910/1081 906/1077 905/1076 
f 910/1081 911/1082 907/1078 906/1077 
f 911/1082 799/970 907/1078 
f 912/1083 913/1084 909/1080 908/1079 
f 913/1084 914/1085 910/1081 909/1080 
f 914/1085 915/1086 911/1082 910/1081 
f 915/1086 799/970 911/1082 
f 916/1087 917/1088 913/1084 912/1083 
f 917/1088 918/1089 914/1085 913/1084 
f 918/1089 919/1090 915/1086 914/1085 
f 919/1090 799/970 915/1086 
f 920/1091 921/1092 917/1088 916/1087 
f 921/1092 922/1093 918/1089 917/1088 
f 922/1093 923/1094 919/1090 918/1089 
f 923/1094 799/970 919/1090 
f 924/1095 925/1096 921/1092 920/1091 
f 925/1096 926/1097 922/1093 921/1092 
f 926/1097 927/1098 923/1094 922/1093 
f 927/1098 799/970 923/1094 
f 928/1099 929/1100 925/1096 924/1095 
f 929/1100 930/1101 926/1097 925/1096 
f 930/1101 931/1102 927/1098 926/1097 
f 931/1102 799/970 927/1098 
f 932/1103 933/1104 929/1100 928/1099 
f 933/1104 934/1105 930/1101 929/1100 
f 934/1105 935/1106 931/1102 930/1101 
f 935/1106 799/970 931/1102 
f 936/1107 937/1108 933/1104 932/1103 
f 937/1108 938/1109 934/1105 933/1104 
f 938/1109 939/1110 935/1106 934/1105 
f 939/1110 799/970 935/1106 
f 940/1111 941/1112 937/1108 936/1107 
f 941/1112 942/1113 938/1109 937/1108 
f 942/1113 943/1114 939/1110 938/1109 
f 943/1114 799/970 939/1110 
f 800/971 801/972 941/1112 940/1111 
f 801/972 802/973 942/1113 941/1112 
f 802/973 803/974 943/1114 942/1113 
f 803/974 799/970 943/1114 
f 966/1159 967/1160 945/1118 944/1116 
f 967/1160 968/1161 946/1120 945/1118 
f 968/1161 969/1162 947/1122 946/1120 
f 969/1162 970/1163 948/1124 947/1122 
f 970/1163 971/1164 949/1126 948/1124 
f 971/1164 972/1165 950/1128 949/1126 
f 972/1165 973/1166 951/1130 950/1128 
f 973/1166 974/1167 952/1132 951/1130 
f 974/1167 975/1168 953/1134 952/1132 
f 975/1168 976/1169 954/1136 953/1134 
f 976/1169 977/1170 955/1138 954/1136 
f 977/1170 978/1171 956/1140 955/1138 
f 978/1171 979/1172 957/1142 956/1140 
f 979/1172 980/1173 958/1144 957/1142 
f 980/1173 981/1174 959/1146 958/1144 
f 981/1174 982/1175 960/1148 959/1146 
f 982/1175 983/1176 961/1150 960/1148 
f 983/1176 984/1177 962/1152 961/1150 
f 984/1177 985/1178 963/1154 962/1152 
f 985/1178 986/1179 964/1156 963/1154 
f 986/1179 987/1180 965/1158 964/1156 
f 988/1181 989/1182 967/1160 966/1159 
f 989/1182 990/1183 968/1161 967/1160 
f 990/1183 991/1184 969/1162 968/1161 
f 991/1184 992/1185 970/1163 969/1162 
f 992/1185 993/1186 971/1164 970/1163 
f 993/1186 994/1187 972/1165 971/1164 
f 994/1187 995/1188 973/1166 972/1165 
f 995/1188 996/1189 974/1167 973/1166 
f 996/1189 997/1190 975/1168 974/1167 
f 997/1190 998/1191 976/1169 975/1168 
f 998/1191 999/1192 977/1170 976/1169 
f 999/1192 1000/1193 978/1171 977/1170 
f 1000/1193 1001/1194 979/1172 978/1171 
f 1001/1194 1002/1195 980/1173 979/1172 
f 1002/1195 1003/1196 981/1174 980/1173 
f 1003/1196 1004/1197 982/1175 981/1174 
f 1004/1197 1005/1198 983/1176 982/1175 
f 1005/1198 1006/1199 984/1177 983/1176 
f 1006/1199 1007/1200 985/1178 984/1177 
f 1007/1200 1008/1201 986/1179 985/1178 
f 1008/1201 1009/1202 987/1180 986/1179 
f 1010/1203 1011/1204 989/1182 988/1181 
f 1011/1204 1012/1205 990/1183 989/1182 
f 1012/1205 1013/1206 991/1184 990/1183 
f 1013/1206 1014/1207 992/1185 991/1184 
f 1014/1207 1015/1208 993/1186 992/1185 
f 1015/1208 1016/1209 994/1187 993/1186 
f 1016/1209 1017/1210 995/1188 994/1187 
f 1017/1210 1018/1211 996/1189 995/1188 
f 1018/1211 1019/1212 997/1190 996/1189 
f 1019/1212 1020/1213 998/1191 997/1190 
f 1020/1213 1021/1214 999/1192 998/1191 
f 1021/1214 1022/1215 1000/1193 999/1192 
f 1022/1215 1023/1216 1001/1194 1000/1193 
f 1023/1216 1024/1217 1002/1195 1001/1194 
f 1024/1217 1025/1218 1003/1196 1002/1195 
f 1025/1218 1026/1219 1004/1197 1003/1196 
f 1026/1219 1027/1220 1005/1198 1004/1197 
f 1027/1220 1028/1221 1006/1199 1005/1198 
f 1028/1221 1029/1222 1007/1200 1006/1199 
f 1029/1222 1030/1223 1008/1201 1007/1200 
f 1030/1223 1031/1224 1009/1202 1008/1201 
f 1032/1225 1033/1226 1011/1204 1010/1203 
f 1033/1226 1034/1227 1012/1205 1011/1204 
f 1034/1227 1035/1228 1013/1206 1012/1205 
f 1035/1228 1036/1229 1014/1207 1013/1206 
f 1036/1229 1037/1230 1015/1208 1014/1207 
f 1037/1230 1038/1231 1016/1209 1015/1208 
f 1038/1231 1039/1232 1017/1210 1016/1209 
f 1039/1232 1040/1233 1018/1211 1017/1210 
f 1040/1233 1041/1234 1019/1212 1018/1211 
f 1041/1234 1042/1235 1020/1213 1019/1212 
f 1042/1235 1043/1236 1021/1214 1020/1213 
f 1043/1236 1044/1237 1022/1215 1021/1214 
f 1044/1237 1045/1238 1023/1216 1022/1215 
f 1045/1238 1046/1239 1024/1217 1023/1216 
f 1046/1239 1047/1240 1025/1218 1024/1217 
f 1047/1240 1048/1241 1026/1219 1025/1218 
f 1048/1241 1049/1242 1027/1220 1026/1219 
f 1049/1242 1050/1243 1028/1221 1027/1220 
f 1050/1243 1051/1244 1029/1222 1028/1221 
f 1051/1244 1052/1245 1030/1223 1029/1222 
f 1052/1245 1053/1246 1031/1224 1030/1223 
f 1054/1247 1055/1248 1033/1226 1032/1225 
f 1055/1248 1056/1249 1034/1227 1033/1226 
f 1056/1249 1057/1250 1035/1228 1034/1227 
f 1057/1250 1058/1251 1036/1229 1035/1228 
f 1058/1251 1059/1252 1037/1230 1036/1229 
f 1059/1252 1060/1253 1038/1231 1037/1230 
f 1060/1253 1061/1254 1039/1232 1038/1231 
f 1061/1254 1062/1255 1040/1233 1039/1232 
f 1062/1255 1063/1256 1041/1234 1040/1233 
f 1063/1256 1064/1257 1042/1235 1041/1234 
f 1064/1257 1065/1258 1043/1236 1042/1235 
f 1065/1258 1066/1259 1044/1237 1043/1236 
f 1066/1259 1067/1260 1045/1238 1044/1237 
f 1067/1260 1068/1261 1046/1239 1045/1238 
f 1068/1261 1069/1262 1047/1240 1046/1239 
f 1069/1262 1070/1263 1048/1241 1047/1240 
f 1070/1263 1071/1264 1049/1242 1048/1241 
f 1071/1264 1072/1265 1050/1243 1049/1242 
f 1072/1265 1073/1266 1051/1244 1050/1243 
f 1073/1266 1074/1267 1052/1245 1051/1244 
f 1074/1267 1075/1268 1053/1246 1052/1245 
f 1076/1269 1077/1270 1055/1248 1054/1247 
f 1077/1270 1078/1271 1056/1249 1055/1248 
f 1078/1271 1079/1272 1057/1250 1056/1249 
f 1079/1272 1080/1273 1058/1251 1057/1250 
f 1080/1273 1081/1274 1059/1252 1058/1251 
f 1081/1274 1082/1275 1060/1253 1059/1252 
f 1082/1275 1083/1276 1061/1254 1060/1253 
f 1083/1276 1084/1277 1062/1255 1061/1254 
f 1084/1277 1085/1278 1063/1256 1062/1255 
f 1085/1278 1086/1279 1064/1257 1063/1256 
f 1086/1279 1087/1280 1065/1258 1064/1257 
f 1087/1280 1088/1281 1066/1259 1065/1258 
f 1088/1281 1089/1282 1067/1260 1066/1259 
f 1089/1282 1090/1283 1068/1261 1067/1260 
f 1090/1283 1091/1284 1069/1262 1068/1261 
f 1091/1284 1092/1285 1070/1263 1069/1262 
f 1092/1285 1093/1286 1071/1264 1070/1263 
f 1093/1286 1094/1287 1072/1265 1071/1264 
f 1094/1287 1095/1288 1073/1266 1072/1265 
f 1095/1288 1096/1289 1074/1267 1073/1266 
f 1096/1289 1097/1290 1075/1268 1074/1267 
f 1098/1291 1099/1292 1077/1270 1076/1269 
f 1099/1292 1100/1293 1078/1271 1077/1270 
f 1100/1293 1101/1294 1079/1272 1078/1271 
f 1101/1294 1102/1295 1080/1273 1079/1272 
f 1102/1295 1103/1296 1081/1274 1080/1273 
f 1103/1296 1104/1297 1082/1275 1081/1274 
f 1104/1297 1105/1298 1083/1276 1082/1275 
f 1105/1298 1106/1299 1084/1277 1083/1276 
f 1106/1299 1107/1300 1085/1278 1084/1277 
f 1107/1300 1108/1301 1086/1279 1085/1278 
f 1108/1301 1109/1302 1087/1280 1086/1279 
f 1109/1302 1110/1303 1088/1281 1087/1280 
f 1110/1303 1111/1304 1089/1282 1088/1281 
f 1111/1304 1112/1305 1090/1283 1089/1282 
f 1112/1305 1113/1306 1091/1284 1090/1283 
f 1113/1306 1114/1307 1092/1285 1091/1284 
f 1114/1307 1115/1308 1093/1286 1092/1285 
f 1115/1308 1116/1309 1094/1287 1093/1286 
f 1116/1309 1117/1310 1095/1288 1094/1287 
f 1117/1310 1118/1311 1096/1289 1095/1288 
f 1118/1311 1119/1312 1097/1290 1096/1289 
f 1120/1313 1121/1314 1099/1292 1098/1291 
f 1121/1314 1122/1315 1100/1293 1099/1292 
f 1122/1315 1123/1316 1101/1294 1100/1293 
f 1123/1316 1124/1317 1102/1295 1101/1294 
f 1124/1317 1125/1318 1103/1296 1102/1295 
f 1125/1318 1126/1319 1104/1297 1103/1296 
f 1126/1319 1127/1320 1105/1298 1104/1297 
f 1127/1320 1128/1321 1106/1299 1105/1298 
f 1128/1321 1129/1322 1107/1300 1106/1299 
f 1129/1322 1130/1323 1108/1301 1107/1300 
f 1130/1323 1131/1324 1109/1302 1108/1301 
f 1131/1324 1132/1325 1110/1303 1109/1302 
f 1132/1325 1133/1326 1111/1304 1110/1303 
f 1133/1326 1134/1327 1112/1305 1111/1304 
f 1134/1327 1135/1328 1113/1306 1112/1305 
f 1135/1328 1136/1329 1114/1307 1113/1306 
f 1136/1329 1137/1330 1115/1308 1114/1307 
f 1137/1330 1138/1331 1116/1309 1115/1308 
f 1138/1331 1139/1332 1117/1310 1116/1309 
f 1139/1332 1140/1333 1118/1311 1117/1310 
f 1140/1333 1141/1334 1119/1312 1118/1311 
f 1142/1335 1143/1336 1121/1314 1120/1313 
f 1143/1336 1144/1337 1122/1315 1121/1314 
f 1144/1337 1145/1338 1123/1316 1122/1315 
f 1145/1338 1146/1339 1124/1317 1123/1316 
f 1146/1339 1147/1340 1125/1318 1124/1317 
f 1147/1340 1148/1341 1126/1319 1125/1318 
f 1148/1341 1149/1342 1127/1320 1126/1319 
f 1149/1342 1150/1343 1128/1321 1127/1320 
f 1150/1343 1151/1344 1129/1322 1128/1321 
f 1151/1344 1152/1345 1130/1323 1129/1322 
f 1152/1345 1153/1346 1131/1324 1130/1323 
f 1153/1346 1154/1347 1132/1325 1131/1324 
f 1154/1347 1155/1348 1133/1326 1132/1325 
f 1155/1348 1156/1349 1134/1327 1133/1326 
f 1156/1349 1157/1350 1135/1328 1134/1327 
f 1157/1350 1158/1351 1136/1329 1135/1328 
f 1158/1351 1159/1352 1137/1330 1136/1329 
f 1159/1352 1160/1353 1138/1331 1137/1330 
f 1160/1353 1161/1354 1139/1332 1138/1331 
f 1161/1354 1162/1355 1140/1333 1139/1332 
f 1162/1355 1163/1356 1141/1334 1140/1333 
f 1164/1357 1165/1358 1143/1336 1142/1335 
f 1165/1358 1166/1359 1144/1337 1143/1336 
f 1166/1359 1167/1360 1145/1338 1144/1337 
f 1167/1360 1168/1361 1146/1339 1145/1338 
f 1168/1361 1169/1362 1147/1340 1146/1339 
f 1169/1362 1170/1363 1148/1341 1147/1340 
f 1170/1363 1171/1364 1149/1342 1148/1341 
f 1171/1364 1172/1365 1150/1343 1149/1342 
f 1172/1365 1173/1366 1151/1344 1150/1343 
f 1173/1366 1174/1367 1152/1345 1151/1344 
f 1174/1367 1175/1368 1153/1346 1152/1345 
f 1175/1368 1176/1369 1154/1347 1153/1346 
f 1176/1369 1177/1370 1155/1348 1154/1347 
f 1177/1370 1178/1371 1156/1349 1155/1348 
f 1178/1371 1179/1372 1157/1350 1156/1349 
f 1179/1372 1180/1373 1158/1351 1157/1350 
f 1180/1373 1181/1374 1159/1352 1158/1351 
f 1181/1374 1182/1375 1160/1353 1159/1352 
f 1182/1375 1183/1376 1161/1354 1160/1353 
f 1183/1376 1184/1377 1162/1355 1161/1354 
f 1184/1377 1185/1378 1163/1356 1162/1355 
f 1186/1379 1187/1380 1165/1358 1164/1357 
f 1187/1380 1188/1381 1166/1359 1165/1358 
f 1188/1381 1189/1382 1167/1360 1166/1359 
f 1189/1382 1190/1383 1168/1361 1167/1360 
f 1190/1383 1191/1384 1169/1362 1168/1361 
f 1191/1384 1192/1385 1170/1363 1169/1362 
f 1192/1385 1193/1386 1171/1364 1170/1363 
f 1193/1386 1194/1387 1172/1365 1171/1364 
f 1194/1387 1195/1388 1173/1366 1172/1365 
f 1195/1388 1196/1389 1174/1367 1173/1366 
f 1196/1389 1197/1390 1175/1368 1174/1367 
f 1197/1390 1198/1391 1176/1369 1175/1368 
f 1198/1391 1199/1392 1177/1370 1176/1369 
f 1199/1392 1200/1393 1178/1371 1177/1370 
f 1200/1393 1201/1394 1179/1372 1178/1371 
f 1201/1394 1202/1395 1180/1373 1179/1372 
f 1202/1395 1203/1396 1181/1374 1180/1373 
f 1203/1396 1204/1397 1182/1375 1181/1374 
f 1204/1397 1205/1398 1183/1376 1182/1375 
f 1205/1398 1206/1399 1184/1377 1183/1376 
f 1206/1399 1207/1400 1185/1378 1184/1377 
f 1208/1401 1209/1402 1187/1380 1186/1379 
f 1209/1402 1210/1403 1188/1381 1187/1380 
f 1210/1403 1211/1404 1189/1382 1188/1381 
f 1211/1404 1212/1405 1190/1383 1189/1382 
f 1212/1405 1213/1406 1191/1384 1190/1383 
f 1213/1406 1214/1407 1192/1385 1191/1384 
f 1214/1407 1215/1408 1193/1386 1192/1385 
f 1215/1408 1216/1409 1194/1387 1193/1386 
f 1216/1409 1217/1410 1195/1388 1194/1387 
f 1217/1410 1218/1411 1196/1389 1195/1388 
f 1218/1411 1219/1412 1197/1390 1196/1389 
f 1219/1412 1220/1413 1198/1391 1197/1390 
f 1220/1413 1221/1414 1199/1392 1198/1391 
f 1221/1414 1222/1415 1200/1393 1199/1392 
f 1222/1415 1223/1416 1201/1394 1200/1393 
f 1223/1416 1224/1417 1202/1395 1201/1394 
f 1224/1417 1225/1418 1203/1396 1202/1395 
f 1225/1418 1226/1419 1204/1397 1203/1396 
f 1226/1419 1227/1420 1205/1398 1204/1397 
f 1227/1420 1228/1421 1206/1399 1205/1398 
f 1228/1421 1229/1422 1207/1400 1206/1399 
f 1230/1423 1231/1424 1209/1402 1208/1401 
f 1231/1424 1232/1425 1210/1403 1209/1402 
f 1232/1425 1233/1426 1211/1404 1210/1403 
f 1233/1426 1234/1427 1212/1405 1211/1404 
f 1234/1427 1235/1428 1213/1406 1212/1405 
f 1235/1428 1236/1429 1214/1407 1213/1406 
f 1236/1429 1237/1430 1215/1408 1214/1407 
f 1237/1430 1238/1431 1216/1409 1215/1408 
f 1238/1431 1239/1432 1217/1410 1216/1409 
f 1239/1432 1240/1433 1218/1411 1217/1410 
f 1240/1433 1241/1434 1219/1412 1218/1411 
f 1241/1434 1242/1435 1220/1413 1219/1412 
f 1242/1435 1243/1436 1221/1414 1220/1413 
f 1243/1436 1244/1437 1222/1415 1221/1414 
f 1244/1437 1245/1438 1223/1416 1222/1415 
f 1245/1438 1246/1439 1224/1417 1223/1416 
f 1246/1439 1247/1440 1225/1418 1224/1417 
f 1247/1440 1248/1441 1226/1419 1225/1418 
f 1248/1441 1249/1442 1227/1420 1226/1419 
f 1249/1442 1250/1443 1228/1421 1227/1420 
f 1250/1443 1251/1444 1229/1422 1228/1421 
f 1252/1445 1253/1446 1231/1424 1230/1423 
f 1253/1446 1254/1447 1232/1425 1231/1424 
f 1254/1447 1255/1448 1233/1426 1232/1425 
f 1255/1448 1256/1449 1234/1427 1233/1426 
f 1256/1449 1257/1450 1235/1428 1234/1427 
f 1257/1450 1258/1451 1236/1429 1235/1428 
f 1258/1451 1259/1452 1237/1430 1236/1429 
f 1259/1452 1260/1453 1238/1431 1237/1430 
f 1260/1453 1261/1454 1239/1432 1238/1431 
f 1261/1454 1262/1455 1240/1433 1239/1432 
f 1262/1455 1263/1456 1241/1434 1240/1433 
f 1263/1456 1264/1457 1242/1435 1241/1434 
f 1264/1457 1265/1458 1243/1436 1242/1435 
f 1265/1458 1266/1459 1244/1437 1243/1436 
f 1266/1459 1267/1460 1245/1438 1244/1437 
f 1267/1460 1268/1461 1246/1439 1245/1438 
f 1268/1461 1269/1462 1247/1440 1246/1439 
f 1269/1462 1270/1463 1248/1441 1247/1440 
f 1270/1463 1271/1464 1249/1442 1248/1441 
f 1271/1464 1272/1465 1250/1443 1249/1442 
f 1272/1465 1273/1466 1251/1444 1250/1443 
f 1274/1467 1275/1468 1253/1446 1252/1445 
f 1275/1468 1276/1469 1254/1447 1253/1446 
f 1276/1469 1277/1470 1255/1448 1254/1447 
f 1277/1470 1278/1471 1256/1449 1255/1448 
f 1278/1471 1279/1472 1257/1450 1256/1449 
f 1279/1472 1280/1473 1258/1451 1257/1450 
f 1280/1473 1281/1474 1259/1452 1258/1451 
f 1281/1474 1282/1475 1260/1453 1259/1452 
f 1282/1475 1283/1476 1261/1454 1260/1453 
f 1283/1476 1284/1477 1262/1455 1261/1454 
f 1284/1477 1285/1478 1263/1456 1262/1455 
f 1285/1478 1286/1479 1264/1457 1263/1456 
f 1286/1479 1287/1480 1265/1458 1264/1457 
f 1287/1480 1288/1481 1266/1459 1265/1458 
f 1288/1481 1289/1482 1267/1460 1266/1459 
f 1289/1482 1290/1483 1268/1461 1267/1460 
f 1290/1483 1291/1484 1269/1462 1268/1461 
f 1291/1484 1292/1485 1270/1463 1269/1462 
f 1292/1485 1293/1486 1271/1464 1270/1463 
f 1293/1486 1294/1487 1272/1465 1271/1464 
f 1294/1487 1295/1488 1273/1466 1272/1465 
f 1296/1489 1297/1490 1275/1468 1274/1467 
f 1297/1490 1298/1491 1276/1469 1275/1468 
f 1298/1491 1299/1492 1277/1470 1276/1469 
f 1299/1492 1300/1493 1278/1471 1277/1470 
f 1300/1493 1301/1494 1279/1472 1278/1471 
f 1301/1494 1302/1495 1280/1473 1279/1472 
f 1302/1495 1303/1496 1281/1474 1280/1473 
f 1303/1496 1304/1497 1282/1475 1281/1474 
f 1304/1497 1305/1498 1283/1476 1282/1475 
f 1305/1498 1306/1499 1284/1477 1283/1476 
f 1306/1499 1307/1500 1285/1478 1284/1477 
f 1307/1500 1308/1501 1286/1479 1285/1478 
f 1308/1501 1309/1502 1287/1480 1286/1479 
f 1309/1502 1310/1503 1288/1481 1287/1480 
f 1310/1503 1311/1504 1289/1482 1288/1481 
f 1311/1504 1312/1505 1290/1483 1289/1482 
f 1312/1505 1313/1506 1291/1484 1290/1483 
f 1313/1506 1314/1507 1292/1485 1291/1484 
f 1314/1507 1315/1508 1293/1486 1292/1485 
f 1315/1508 1316/1509 1294/1487 1293/1486 
f 1316/1509 1317/1510 1295/1488 1294/1487 
f 1318/1511 1319/1512 1297/1490 1296/1489 
f 1319/1512 1320/1513 1298/1491 1297/1490 
f 1320/1513 1321/1514 1299/1492 1298/1491 
f 1321/1514 1322/1515 1300/1493 1299/1492 
f 1322/1515 1323/1516 1301/1494 1300/1493 
f 1323/1516 1324/1517 1302/1495 1301/1494 
f 1324/1517 1325/1518 1303/1496 1302/1495 
f 1325/1518 1326/1519 1304/1497 1303/1496 
f 1326/1519 1327/1520 1305/1498 1304/1497 
f 1327/1520 1328/1521 1306/1499 1305/1498 
f 1328/1521 1329/1522 1307/1500 1306/1499 
f 1329/1522 1330/1523 1308/1501 1307/1500 
f 1330/1523 1331/1524 1309/1502 1308/1501 
f 1331/1524 1332/1525 1310/1503 1309/1502 
f 1332/1525 1333/1526 1311/1504 1310/1503 
f 1333/1526 1334/1527 1312/1505 1311/1504 
f 1334/1527 1335/1528 1313/1506 1312/1505 
f 1335/1528 1336/1529 1314/1507 1313/1506 
f 1336/1529 1337/1530 1315/1508 1314/1507 
f 1337/1530 1338/1531 1316/1509 1315/1508 
f 1338/1531 1339/1532 1317/1510 1316/1509 
f 944/1115 945/1117 1319/1512 1318/1511 
f 945/1117 946/1119 1320/1513 1319/1512 
f 946/1119 947/1121 1321/1514 1320/1513 
f 947/1121 948/1123 1322/1515 1321/1514 
f 948/1123 949/1125 1323/1516 1322/1515 
f 949/1125 950/1127 1324/1517 1323/1516 
f 950/1127 951/1129 1325/1518 1324/1517 
f 951/1129 952/1131 1326/1519 1325/1518 
f 952/1131 953/1133 1327/1520 1326/1519 
f 953/1133 954/1135 1328/1521 1327/1520 
f 954/1135 955/1137 1329/1522 1328/1521 
f 955/1137 956/1139 1330/1523 1329/1522 
f 956/1139 957/1141 1331/1524 1330/1523 
f 957/1141 958/1143 1332/1525 1331/1524 
f 958/1143 959/1145 1333/1526 1332/1525 
f 959/1145 960/1147 1334/1527 1333/1526 
f 960/1147 961/1149 1335/1528 1334/1527 
f 961/1149 962/1151 1336/1529 1335/1528 
f 962/1151 963/1153 1337/1530 1336/1529 
f 963/1153 964/1155 1338/1531 1337/1530 
f 964/1155 965/1157 1339/1532 1338/1531 

g Neutre Sph_re_2
usemtl Mat_1
v -0.689466 0.663275 -1.187064
v -0.689466 1.524814 -1.187064
v -0.577975 0.677953 -1.187064
v -0.581774 0.677953 -1.21592
v -0.592912 0.677953 -1.24281
v -0.61063 0.677953 -1.265901
v -0.633721 0.677953 -1.283619
v -0.66061 0.677953 -1.294757
v -0.689466 0.677953 -1.298556
v -0.718322 0.677953 -1.294757
v -0.745212 0.677953 -1.283619
v -0.768302 0.677953 -1.265901
v -0.78602 0.677953 -1.24281
v -0.797158 0.677953 -1.21592
v -0.800957 0.677953 -1.187064
v -0.797158 0.677953 -1.158208
v -0.78602 0.677953 -1.131319
v -0.768302 0.677953 -1.108228
v -0.745212 0.677953 -1.09051
v -0.718322 0.677953 -1.079372
v -0.689466 0.677953 -1.075573
v -0.66061 0.677953 -1.079372
v -0.633721 0.677953 -1.09051
v -0.61063 0.677953 -1.108228
v -0.592912 0.677953 -1.131319
v -0.581774 0.677953 -1.158208
v -0.474082 0.720987 -1.187064
v -0.481421 0.720987 -1.24281
v -0.502938 0.720987 -1.294757
v -0.537166 0.720987 -1.339364
v -0.581774 0.720987 -1.373593
v -0.633721 0.720987 -1.39511
v -0.689466 0.720987 -1.402449
v -0.745212 0.720987 -1.39511
v -0.797158 0.720987 -1.373593
v -0.841766 0.720987 -1.339364
v -0.875995 0.720987 -1.294757
v -0.897512 0.720987 -1.24281
v -0.904851 0.720987 -1.187064
v -0.897512 0.720987 -1.131319
v -0.875995 0.720987 -1.079372
v -0.841766 0.720987 -1.034765
v -0.797158 0.720987 -1.000536
v -0.745212 0.720987 -0.979019
v -0.689466 0.720987 -0.97168
v -0.633721 0.720987 -0.979019
v -0.581774 0.720987 -1.000536
v -0.537166 0.720987 -1.034765
v -0.502938 0.720987 -1.079372
v -0.481421 0.720987 -1.131319
v -0.384866 0.789444 -1.187064
v -0.395245 0.789444 -1.265901
v -0.425675 0.789444 -1.339364
v -0.474082 0.789444 -1.402449
v -0.537166 0.789444 -1.450856
v -0.61063 0.789444 -1.481285
v -0.689466 0.789444 -1.491664
v -0.768302 0.789444 -1.481285
v -0.841766 0.789444 -1.450856
v -0.904851 0.789444 -1.402449
v -0.953257 0.789444 -1.339364
v -0.983687 0.789444 -1.265901
v -0.994066 0.789444 -1.187064
v -0.983687 0.789444 -1.108228
v -0.953257 0.789444 -1.034765
v -0.904851 0.789444 -0.97168
v -0.841766 0.789444 -0.923273
v -0.768302 0.789444 -0.892844
v -0.689466 0.789444 -0.882465
v -0.61063 0.789444 -0.892844
v -0.537166 0.789444 -0.923273
v -0.474082 0.789444 -0.97168
v -0.425675 0.789444 -1.034765
v -0.395245 0.789444 -1.108228
v -0.316409 0.87866 -1.187064
v -0.329121 0.87866 -1.283619
v -0.366389 0.87866 -1.373593
v -0.425675 0.87866 -1.450856
v -0.502938 0.87866 -1.510141
v -0.592912 0.87866 -1.54741
v -0.689466 0.87866 -1.560122
v -0.78602 0.87866 -1.54741
v -0.875995 0.87866 -1.510141
v -0.953257 0.87866 -1.450856
v -1.012543 0.87866 -1.373593
v -1.049812 0.87866 -1.283619
v -1.062523 0.87866 -1.187064
v -1.049812 0.87866 -1.09051
v -1.012543 0.87866 -1.000536
v -0.953257 0.87866 -0.923273
v -0.875995 0.87866 -0.863988
v -0.78602 0.87866 -0.826719
v -0.689466 0.87866 -0.814007
v -0.592912 0.87866 -0.826719
v -0.502938 0.87866 -0.863988
v -0.425675 0.87866 -0.923273
v -0.366389 0.87866 -1.000536
v -0.329121 0.87866 -1.09051
v -0.273375 0.982553 -1.187064
v -0.287553 0.982553 -1.294757
v -0.329121 0.982553 -1.39511
v -0.395245 0.982553 -1.481285
v -0.481421 0.982553 -1.54741
v -0.581774 0.982553 -1.588978
v -0.689466 0.982553 -1.603156
v -0.797158 0.982553 -1.588978
v -0.897512 0.982553 -1.54741
v -0.983687 0.982553 -1.481285
v -1.049812 0.982553 -1.39511
v -1.091379 0.982553 -1.294757
v -1.105557 0.982553 -1.187064
v -1.091379 0.982553 -1.079372
v -1.049812 0.982553 -0.979019
v -0.983687 0.982553 -0.892844
v -0.897512 0.982553 -0.826719
v -0.797158 0.982553 -0.785151
v -0.689466 0.982553 -0.770973
v -0.581774 0.982553 -0.785151
v -0.481421 0.982553 -0.826719
v -0.395245 0.982553 -0.892844
v -0.329121 0.982553 -0.979019
v -0.287553 0.982553 -1.079372
v -0.258697 1.094044 -1.187064
v -0.273375 1.094044 -1.298556
v -0.316409 1.094044 -1.402449
v -0.384866 1.094044 -1.491664
v -0.474082 1.094044 -1.560122
v -0.577975 1.094044 -1.603156
v -0.689466 1.094044 -1.617834
v -0.800957 1.094044 -1.603156
v -0.904851 1.094044 -1.560122
v -0.994066 1.094044 -1.491664
v -1.062523 1.094044 -1.402449
v -1.105557 1.094044 -1.298556
v -1.120235 1.094044 -1.187064
v -1.105557 1.094044 -1.075573
v -1.062523 1.094044 -0.97168
v -0.994066 1.094044 -0.882465
v -0.904851 1.094044 -0.814007
v -0.800957 1.094044 -0.770973
v -0.689466 1.094044 -0.756295
v -0.577975 1.094044 -0.770973
v -0.474082 1.094044 -0.814007
v -0.384866 1.094044 -0.882465
v -0.316409 1.094044 -0.97168
v -0.273375 1.094044 -1.075573
v -0.273375 1.205536 -1.187064
v -0.287553 1.205536 -1.294757
v -0.329121 1.205536 -1.39511
v -0.395245 1.205536 -1.481285
v -0.481421 1.205536 -1.54741
v -0.581774 1.205536 -1.588978
v -0.689466 1.205536 -1.603156
v -0.797158 1.205536 -1.588978
v -0.897512 1.205536 -1.54741
v -0.983687 1.205536 -1.481285
v -1.049812 1.205536 -1.39511
v -1.091379 1.205536 -1.294757
v -1.105557 1.205536 -1.187064
v -1.091379 1.205536 -1.079372
v -1.049812 1.205536 -0.979019
v -0.983687 1.205536 -0.892844
v -0.897512 1.205536 -0.826719
v -0.797158 1.205536 -0.785151
v -0.689466 1.205536 -0.770973
v -0.581774 1.205536 -0.785151
v -0.481421 1.205536 -0.826719
v -0.395245 1.205536 -0.892844
v -0.329121 1.205536 -0.979019
v -0.287553 1.205536 -1.079372
v -0.316409 1.309429 -1.187064
v -0.329121 1.309429 -1.283619
v -0.366389 1.309429 -1.373593
v -0.425675 1.309429 -1.450856
v -0.502938 1.309429 -1.510141
v -0.592912 1.309429 -1.54741
v -0.689466 1.309429 -1.560122
v -0.78602 1.309429 -1.54741
v -0.875995 1.309429 -1.510141
v -0.953257 1.309429 -1.450856
v -1.012543 1.309429 -1.373593
v -1.049812 1.309429 -1.283619
v -1.062523 1.309429 -1.187064
v -1.049812 1.309429 -1.09051
v -1.012543 1.309429 -1.000536
v -0.953257 1.309429 -0.923273
v -0.875995 1.309429 -0.863988
v -0.78602 1.309429 -0.826719
v -0.689466 1.309429 -0.814007
v -0.592912 1.309429 -0.826719
v -0.502938 1.309429 -0.863988
v -0.425675 1.309429 -0.923273
v -0.366389 1.309429 -1.000536
v -0.329121 1.309429 -1.09051
v -0.384866 1.398644 -1.187064
v -0.395245 1.398644 -1.265901
v -0.425675 1.398644 -1.339364
v -0.474082 1.398644 -1.402449
v -0.537166 1.398644 -1.450856
v -0.61063 1.398644 -1.481285
v -0.689466 1.398644 -1.491664
v -0.768302 1.398644 -1.481285
v -0.841766 1.398644 -1.450856
v -0.904851 1.398644 -1.402449
v -0.953257 1.398644 -1.339364
v -0.983687 1.398644 -1.265901
v -0.994066 1.398644 -1.187064
v -0.983687 1.398644 -1.108228
v -0.953257 1.398644 -1.034765
v -0.904851 1.398644 -0.97168
v -0.841766 1.398644 -0.923273
v -0.768302 1.398644 -0.892844
v -0.689466 1.398644 -0.882465
v -0.61063 1.398644 -0.892844
v -0.537166 1.398644 -0.923273
v -0.474082 1.398644 -0.97168
v -0.425675 1.398644 -1.034765
v -0.395245 1.398644 -1.108228
v -0.474082 1.467101 -1.187064
v -0.481421 1.467101 -1.24281
v -0.502938 1.467101 -1.294757
v -0.537166 1.467101 -1.339364
v -0.581774 1.467101 -1.373593
v -0.633721 1.467101 -1.39511
v -0.689466 1.467101 -1.402449
v -0.745212 1.467101 -1.39511
v -0.797158 1.467101 -1.373593
v -0.841766 1.467101 -1.339364
v -0.875995 1.467101 -1.294757
v -0.897512 1.467101 -1.24281
v -0.904851 1.467101 -1.187064
v -0.897512 1.467101 -1.131319
v -0.875995 1.467101 -1.079372
v -0.841766 1.467101 -1.034765
v -0.797158 1.467101 -1.000536
v -0.745212 1.467101 -0.979019
v -0.689466 1.467101 -0.97168
v -0.633721 1.467101 -0.979019
v -0.581774 1.467101 -1.000536
v -0.537166 1.467101 -1.034765
v -0.502938 1.467101 -1.079372
v -0.481421 1.467101 -1.131319
v -0.577975 1.510135 -1.187064
v -0.581774 1.510135 -1.21592
v -0.592912 1.510135 -1.24281
v -0.61063 1.510135 -1.265901
v -0.633721 1.510135 -1.283619
v -0.66061 1.510135 -1.294757
v -0.689466 1.510135 -1.298556
v -0.718322 1.510135 -1.294757
v -0.745212 1.510135 -1.283619
v -0.768302 1.510135 -1.265901
v -0.78602 1.510135 -1.24281
v -0.797158 1.510135 -1.21592
v -0.800957 1.510135 -1.187064
v -0.797158 1.510135 -1.158208
v -0.78602 1.510135 -1.131319
v -0.768302 1.510135 -1.108228
v -0.745212 1.510135 -1.09051
v -0.718322 1.510135 -1.079372
v -0.689466 1.510135 -1.075573
v -0.66061 1.510135 -1.079372
v -0.633721 1.510135 -1.09051
v -0.61063 1.510135 -1.108228
v -0.592912 1.510135 -1.131319
v -0.581774 1.510135 -1.158208

vt 0.958333 0 0
vt 0.916667 0 0
vt 0.875 0 0
vt 0.833333 0 0
vt 0.791667 0 0
vt 0.75 0 0
vt 0.708333 0 0
vt 0.666667 0 0
vt 0.625 0 0
vt 0.583333 0 0
vt 0.541667 0 0
vt 0.5 0 0
vt 0.458333 0 0
vt 0.416667 0 0
vt 0.375 0 0
vt 0.333333 0 0
vt 0.291667 0 0
vt 0.25 0 0
vt 0.208333 0 0
vt 0.166667 0 0
vt 0.125 0 0
vt 0.083333 0 0
vt 0.041667 0 0
vt 0 0 0
vt 0.958333 1 0
vt 0.916667 1 0
vt 0.875 1 0
vt 0.833333 1 0
vt 0.791667 1 0
vt 0.75 1 0
vt 0.708333 1 0
vt 0.666667 1 0
vt 0.625 1 0
vt 0.583333 1 0
vt 0.541667 1 0
vt 0.5 1 0
vt 0.458333 1 0
vt 0.416667 1 0
vt 0.375 1 0
vt 0.333333 1 0
vt 0.291667 1 0
vt 0.25 1 0
vt 0.208333 1 0
vt 0.166667 1 0
vt 0.125 1 0
vt 0.083333 1 0
vt 0.041667 1 0
vt 0 1 0
vt 1 0.083333 0
vt 0 0.083333 0
vt 0.041667 0.083333 0
vt 0.083333 0.083333 0
vt 0.125 0.083333 0
vt 0.166667 0.083333 0
vt 0.208333 0.083333 0
vt 0.25 0.083333 0
vt 0.291667 0.083333 0
vt 0.333333 0.083333 0
vt 0.375 0.083333 0
vt 0.416667 0.083333 0
vt 0.458333 0.083333 0
vt 0.5 0.083333 0
vt 0.541667 0.083333 0
vt 0.583333 0.083333 0
vt 0.625 0.083333 0
vt 0.666667 0.083333 0
vt 0.708333 0.083333 0
vt 0.75 0.083333 0
vt 0.791667 0.083333 0
vt 0.833333 0.083333 0
vt 0.875 0.083333 0
vt 0.916667 0.083333 0
vt 0.958333 0.083333 0
vt 1 0.166667 0
vt 0 0.166667 0
vt 0.041667 0.166667 0
vt 0.083333 0.166667 0
vt 0.125 0.166667 0
vt 0.166667 0.166667 0
vt 0.208333 0.166667 0
vt 0.25 0.166667 0
vt 0.291667 0.166667 0
vt 0.333333 0.166667 0
vt 0.375 0.166667 0
vt 0.416667 0.166667 0
vt 0.458333 0.166667 0
vt 0.5 0.166667 0
vt 0.541667 0.166667 0
vt 0.583333 0.166667 0
vt 0.625 0.166667 0
vt 0.666667 0.166667 0
vt 0.708333 0.166667 0
vt 0.75 0.166667 0
vt 0.791667 0.166667 0
vt 0.833333 0.166667 0
vt 0.875 0.166667 0
vt 0.916667 0.166667 0
vt 0.958333 0.166667 0
vt 1 0.25 0
vt 0 0.25 0
vt 0.041667 0.25 0
vt 0.083333 0.25 0
vt 0.125 0.25 0
vt 0.166667 0.25 0
vt 0.208333 0.25 0
vt 0.25 0.25 0
vt 0.291667 0.25 0
vt 0.333333 0.25 0
vt 0.375 0.25 0
vt 0.416667 0.25 0
vt 0.458333 0.25 0
vt 0.5 0.25 0
vt 0.541667 0.25 0
vt 0.583333 0.25 0
vt 0.625 0.25 0
vt 0.666667 0.25 0
vt 0.708333 0.25 0
vt 0.75 0.25 0
vt 0.791667 0.25 0
vt 0.833333 0.25 0
vt 0.875 0.25 0
vt 0.916667 0.25 0
vt 0.958333 0.25 0
vt 1 0.333333 0
vt 0 0.333333 0
vt 0.041667 0.333333 0
vt 0.083333 0.333333 0
vt 0.125 0.333333 0
vt 0.166667 0.333333 0
vt 0.208333 0.333333 0
vt 0.25 0.333333 0
vt 0.291667 0.333333 0
vt 0.333333 0.333333 0
vt 0.375 0.333333 0
vt 0.416667 0.333333 0
vt 0.458333 0.333333 0
vt 0.5 0.333333 0
vt 0.541667 0.333333 0
vt 0.583333 0.333333 0
vt 0.625 0.333333 0
vt 0.666667 0.333333 0
vt 0.708333 0.333333 0
vt 0.75 0.333333 0
vt 0.791667 0.333333 0
vt 0.833333 0.333333 0
vt 0.875 0.333333 0
vt 0.916667 0.333333 0
vt 0.958333 0.333333 0
vt 1 0.416667 0
vt 0 0.416667 0
vt 0.041667 0.416667 0
vt 0.083333 0.416667 0
vt 0.125 0.416667 0
vt 0.166667 0.416667 0
vt 0.208333 0.416667 0
vt 0.25 0.416667 0
vt 0.291667 0.416667 0
vt 0.333333 0.416667 0
vt 0.375 0.416667 0
vt 0.416667 0.416667 0
vt 0.458333 0.416667 0
vt 0.5 0.416667 0
vt 0.541667 0.416667 0
vt 0.583333 0.416667 0
vt 0.625 0.416667 0
vt 0.666667 0.416667 0
vt 0.708333 0.416667 0
vt 0.75 0.416667 0
vt 0.791667 0.416667 0
vt 0.833333 0.416667 0
vt 0.875 0.416667 0
vt 0.916667 0.416667 0
vt 0.958333 0.416667 0
vt 1 0.5 0
vt 0 0.5 0
vt 0.041667 0.5 0
vt 0.083333 0.5 0
vt 0.125 0.5 0
vt 0.166667 0.5 0
vt 0.208333 0.5 0
vt 0.25 0.5 0
vt 0.291667 0.5 0
vt 0.333333 0.5 0
vt 0.375 0.5 0
vt 0.416667 0.5 0
vt 0.458333 0.5 0
vt 0.5 0.5 0
vt 0.541667 0.5 0
vt 0.583333 0.5 0
vt 0.625 0.5 0
vt 0.666667 0.5 0
vt 0.708333 0.5 0
vt 0.75 0.5 0
vt 0.791667 0.5 0
vt 0.833333 0.5 0
vt 0.875 0.5 0
vt 0.916667 0.5 0
vt 0.958333 0.5 0
vt 1 0.583333 0
vt 0 0.583333 0
vt 0.041667 0.583333 0
vt 0.083333 0.583333 0
vt 0.125 0.583333 0
vt 0.166667 0.583333 0
vt 0.208333 0.583333 0
vt 0.25 0.583333 0
vt 0.291667 0.583333 0
vt 0.333333 0.583333 0
vt 0.375 0.583333 0
vt 0.416667 0.583333 0
vt 0.458333 0.583333 0
vt 0.5 0.583333 0
vt 0.541667 0.583333 0
vt 0.583333 0.583333 0
vt 0.625 0.583333 0
vt 0.666667 0.583333 0
vt 0.708333 0.583333 0
vt 0.75 0.583333 0
vt 0.791667 0.583333 0
vt 0.833333 0.583333 0
vt 0.875 0.583333 0
vt 0.916667 0.583333 0
vt 0.958333 0.583333 0
vt 1 0.666667 0
vt 0 0.666667 0
vt 0.041667 0.666667 0
vt 0.083333 0.666667 0
vt 0.125 0.666667 0
vt 0.166667 0.666667 0
vt 0.208333 0.666667 0
vt 0.25 0.666667 0
vt 0.291667 0.666667 0
vt 0.333333 0.666667 0
vt 0.375 0.666667 0
vt 0.416667 0.666667 0
vt 0.458333 0.666667 0
vt 0.5 0.666667 0
vt 0.541667 0.666667 0
vt 0.583333 0.666667 0
vt 0.625 0.666667 0
vt 0.666667 0.666667 0
vt 0.708333 0.666667 0
vt 0.75 0.666667 0
vt 0.791667 0.666667 0
vt 0.833333 0.666667 0
vt 0.875 0.666667 0
vt 0.916667 0.666667 0
vt 0.958333 0.666667 0
vt 1 0.75 0
vt 0 0.75 0
vt 0.041667 0.75 0
vt 0.083333 0.75 0
vt 0.125 0.75 0
vt 0.166667 0.75 0
vt 0.208333 0.75 0
vt 0.25 0.75 0
vt 0.291667 0.75 0
vt 0.333333 0.75 0
vt 0.375 0.75 0
vt 0.416667 0.75 0
vt 0.458333 0.75 0
vt 0.5 0.75 0
vt 0.541667 0.75 0
vt 0.583333 0.75 0
vt 0.625 0.75 0
vt 0.666667 0.75 0
vt 0.708333 0.75 0
vt 0.75 0.75 0
vt 0.791667 0.75 0
vt 0.833333 0.75 0
vt 0.875 0.75 0
vt 0.916667 0.75 0
vt 0.958333 0.75 0
vt 1 0.833333 0
vt 0 0.833333 0
vt 0.041667 0.833333 0
vt 0.083333 0.833333 0
vt 0.125 0.833333 0
vt 0.166667 0.833333 0
vt 0.208333 0.833333 0
vt 0.25 0.833333 0
vt 0.291667 0.833333 0
vt 0.333333 0.833333 0
vt 0.375 0.833333 0
vt 0.416667 0.833333 0
vt 0.458333 0.833333 0
vt 0.5 0.833333 0
vt 0.541667 0.833333 0
vt 0.583333 0.833333 0
vt 0.625 0.833333 0
vt 0.666667 0.833333 0
vt 0.708333 0.833333 0
vt 0.75 0.833333 0
vt 0.791667 0.833333 0
vt 0.833333 0.833333 0
vt 0.875 0.833333 0
vt 0.916667 0.833333 0
vt 0.958333 0.833333 0
vt 1 0.916667 0
vt 0 0.916667 0
vt 0.041667 0.916667 0
vt 0.083333 0.916667 0
vt 0.125 0.916667 0
vt 0.166667 0.916667 0
vt 0.208333 0.916667 0
vt 0.25 0.916667 0
vt 0.291667 0.916667 0
vt 0.333333 0.916667 0
vt 0.375 0.916667 0
vt 0.416667 0.916667 0
vt 0.458333 0.916667 0
vt 0.5 0.916667 0
vt 0.541667 0.916667 0
vt 0.583333 0.916667 0
vt 0.625 0.916667 0
vt 0.666667 0.916667 0
vt 0.708333 0.916667 0
vt 0.75 0.916667 0
vt 0.791667 0.916667 0
vt 0.833333 0.916667 0
vt 0.875 0.916667 0
vt 0.916667 0.916667 0
vt 0.958333 0.916667 0

f 1343/1583 1367/1608 1366/1607 1342/1582 
f 1344/1584 1368/1609 1367/1608 1343/1583 
f 1345/1585 1369/1610 1368/1609 1344/1584 
f 1346/1586 1370/1611 1369/1610 1345/1585 
f 1347/1587 1371/1612 1370/1611 1346/1586 
f 1348/1588 1372/1613 1371/1612 1347/1587 
f 1349/1589 1373/1614 1372/1613 1348/1588 
f 1350/1590 1374/1615 1373/1614 1349/1589 
f 1351/1591 1375/1616 1374/1615 1350/1590 
f 1352/1592 1376/1617 1375/1616 1351/1591 
f 1353/1593 1377/1618 1376/1617 1352/1592 
f 1354/1594 1378/1619 1377/1618 1353/1593 
f 1355/1595 1379/1620 1378/1619 1354/1594 
f 1356/1596 1380/1621 1379/1620 1355/1595 
f 1357/1597 1381/1622 1380/1621 1356/1596 
f 1358/1598 1382/1623 1381/1622 1357/1597 
f 1359/1599 1383/1624 1382/1623 1358/1598 
f 1360/1600 1384/1625 1383/1624 1359/1599 
f 1361/1601 1385/1626 1384/1625 1360/1600 
f 1362/1602 1386/1627 1385/1626 1361/1601 
f 1363/1603 1387/1628 1386/1627 1362/1602 
f 1364/1604 1388/1629 1387/1628 1363/1603 
f 1365/1605 1389/1630 1388/1629 1364/1604 
f 1342/1581 1366/1606 1389/1630 1365/1605 
f 1367/1608 1391/1633 1390/1632 1366/1607 
f 1368/1609 1392/1634 1391/1633 1367/1608 
f 1369/1610 1393/1635 1392/1634 1368/1609 
f 1370/1611 1394/1636 1393/1635 1369/1610 
f 1371/1612 1395/1637 1394/1636 1370/1611 
f 1372/1613 1396/1638 1395/1637 1371/1612 
f 1373/1614 1397/1639 1396/1638 1372/1613 
f 1374/1615 1398/1640 1397/1639 1373/1614 
f 1375/1616 1399/1641 1398/1640 1374/1615 
f 1376/1617 1400/1642 1399/1641 1375/1616 
f 1377/1618 1401/1643 1400/1642 1376/1617 
f 1378/1619 1402/1644 1401/1643 1377/1618 
f 1379/1620 1403/1645 1402/1644 1378/1619 
f 1380/1621 1404/1646 1403/1645 1379/1620 
f 1381/1622 1405/1647 1404/1646 1380/1621 
f 1382/1623 1406/1648 1405/1647 1381/1622 
f 1383/1624 1407/1649 1406/1648 1382/1623 
f 1384/1625 1408/1650 1407/1649 1383/1624 
f 1385/1626 1409/1651 1408/1650 1384/1625 
f 1386/1627 1410/1652 1409/1651 1385/1626 
f 1387/1628 1411/1653 1410/1652 1386/1627 
f 1388/1629 1412/1654 1411/1653 1387/1628 
f 1389/1630 1413/1655 1412/1654 1388/1629 
f 1366/1606 1390/1631 1413/1655 1389/1630 
f 1391/1633 1415/1658 1414/1657 1390/1632 
f 1392/1634 1416/1659 1415/1658 1391/1633 
f 1393/1635 1417/1660 1416/1659 1392/1634 
f 1394/1636 1418/1661 1417/1660 1393/1635 
f 1395/1637 1419/1662 1418/1661 1394/1636 
f 1396/1638 1420/1663 1419/1662 1395/1637 
f 1397/1639 1421/1664 1420/1663 1396/1638 
f 1398/1640 1422/1665 1421/1664 1397/1639 
f 1399/1641 1423/1666 1422/1665 1398/1640 
f 1400/1642 1424/1667 1423/1666 1399/1641 
f 1401/1643 1425/1668 1424/1667 1400/1642 
f 1402/1644 1426/1669 1425/1668 1401/1643 
f 1403/1645 1427/1670 1426/1669 1402/1644 
f 1404/1646 1428/1671 1427/1670 1403/1645 
f 1405/1647 1429/1672 1428/1671 1404/1646 
f 1406/1648 1430/1673 1429/1672 1405/1647 
f 1407/1649 1431/1674 1430/1673 1406/1648 
f 1408/1650 1432/1675 1431/1674 1407/1649 
f 1409/1651 1433/1676 1432/1675 1408/1650 
f 1410/1652 1434/1677 1433/1676 1409/1651 
f 1411/1653 1435/1678 1434/1677 1410/1652 
f 1412/1654 1436/1679 1435/1678 1411/1653 
f 1413/1655 1437/1680 1436/1679 1412/1654 
f 1390/1631 1414/1656 1437/1680 1413/1655 
f 1415/1658 1439/1683 1438/1682 1414/1657 
f 1416/1659 1440/1684 1439/1683 1415/1658 
f 1417/1660 1441/1685 1440/1684 1416/1659 
f 1418/1661 1442/1686 1441/1685 1417/1660 
f 1419/1662 1443/1687 1442/1686 1418/1661 
f 1420/1663 1444/1688 1443/1687 1419/1662 
f 1421/1664 1445/1689 1444/1688 1420/1663 
f 1422/1665 1446/1690 1445/1689 1421/1664 
f 1423/1666 1447/1691 1446/1690 1422/1665 
f 1424/1667 1448/1692 1447/1691 1423/1666 
f 1425/1668 1449/1693 1448/1692 1424/1667 
f 1426/1669 1450/1694 1449/1693 1425/1668 
f 1427/1670 1451/1695 1450/1694 1426/1669 
f 1428/1671 1452/1696 1451/1695 1427/1670 
f 1429/1672 1453/1697 1452/1696 1428/1671 
f 1430/1673 1454/1698 1453/1697 1429/1672 
f 1431/1674 1455/1699 1454/1698 1430/1673 
f 1432/1675 1456/1700 1455/1699 1431/1674 
f 1433/1676 1457/1701 1456/1700 1432/1675 
f 1434/1677 1458/1702 1457/1701 1433/1676 
f 1435/1678 1459/1703 1458/1702 1434/1677 
f 1436/1679 1460/1704 1459/1703 1435/1678 
f 1437/1680 1461/1705 1460/1704 1436/1679 
f 1414/1656 1438/1681 1461/1705 1437/1680 
f 1439/1683 1463/1708 1462/1707 1438/1682 
f 1440/1684 1464/1709 1463/1708 1439/1683 
f 1441/1685 1465/1710 1464/1709 1440/1684 
f 1442/1686 1466/1711 1465/1710 1441/1685 
f 1443/1687 1467/1712 1466/1711 1442/1686 
f 1444/1688 1468/1713 1467/1712 1443/1687 
f 1445/1689 1469/1714 1468/1713 1444/1688 
f 1446/1690 1470/1715 1469/1714 1445/1689 
f 1447/1691 1471/1716 1470/1715 1446/1690 
f 1448/1692 1472/1717 1471/1716 1447/1691 
f 1449/1693 1473/1718 1472/1717 1448/1692 
f 1450/1694 1474/1719 1473/1718 1449/1693 
f 1451/1695 1475/1720 1474/1719 1450/1694 
f 1452/1696 1476/1721 1475/1720 1451/1695 
f 1453/1697 1477/1722 1476/1721 1452/1696 
f 1454/1698 1478/1723 1477/1722 1453/1697 
f 1455/1699 1479/1724 1478/1723 1454/1698 
f 1456/1700 1480/1725 1479/1724 1455/1699 
f 1457/1701 1481/1726 1480/1725 1456/1700 
f 1458/1702 1482/1727 1481/1726 1457/1701 
f 1459/1703 1483/1728 1482/1727 1458/1702 
f 1460/1704 1484/1729 1483/1728 1459/1703 
f 1461/1705 1485/1730 1484/1729 1460/1704 
f 1438/1681 1462/1706 1485/1730 1461/1705 
f 1463/1708 1487/1733 1486/1732 1462/1707 
f 1464/1709 1488/1734 1487/1733 1463/1708 
f 1465/1710 1489/1735 1488/1734 1464/1709 
f 1466/1711 1490/1736 1489/1735 1465/1710 
f 1467/1712 1491/1737 1490/1736 1466/1711 
f 1468/1713 1492/1738 1491/1737 1467/1712 
f 1469/1714 1493/1739 1492/1738 1468/1713 
f 1470/1715 1494/1740 1493/1739 1469/1714 
f 1471/1716 1495/1741 1494/1740 1470/1715 
f 1472/1717 1496/1742 1495/1741 1471/1716 
f 1473/1718 1497/1743 1496/1742 1472/1717 
f 1474/1719 1498/1744 1497/1743 1473/1718 
f 1475/1720 1499/1745 1498/1744 1474/1719 
f 1476/1721 1500/1746 1499/1745 1475/1720 
f 1477/1722 1501/1747 1500/1746 1476/1721 
f 1478/1723 1502/1748 1501/1747 1477/1722 
f 1479/1724 1503/1749 1502/1748 1478/1723 
f 1480/1725 1504/1750 1503/1749 1479/1724 
f 1481/1726 1505/1751 1504/1750 1480/1725 
f 1482/1727 1506/1752 1505/1751 1481/1726 
f 1483/1728 1507/1753 1506/1752 1482/1727 
f 1484/1729 1508/1754 1507/1753 1483/1728 
f 1485/1730 1509/1755 1508/1754 1484/1729 
f 1462/1706 1486/1731 1509/1755 1485/1730 
f 1487/1733 1511/1758 1510/1757 1486/1732 
f 1488/1734 1512/1759 1511/1758 1487/1733 
f 1489/1735 1513/1760 1512/1759 1488/1734 
f 1490/1736 1514/1761 1513/1760 1489/1735 
f 1491/1737 1515/1762 1514/1761 1490/1736 
f 1492/1738 1516/1763 1515/1762 1491/1737 
f 1493/1739 1517/1764 1516/1763 1492/1738 
f 1494/1740 1518/1765 1517/1764 1493/1739 
f 1495/1741 1519/1766 1518/1765 1494/1740 
f 1496/1742 1520/1767 1519/1766 1495/1741 
f 1497/1743 1521/1768 1520/1767 1496/1742 
f 1498/1744 1522/1769 1521/1768 1497/1743 
f 1499/1745 1523/1770 1522/1769 1498/1744 
f 1500/1746 1524/1771 1523/1770 1499/1745 
f 1501/1747 1525/1772 1524/1771 1500/1746 
f 1502/1748 1526/1773 1525/1772 1501/1747 
f 1503/1749 1527/1774 1526/1773 1502/1748 
f 1504/1750 1528/1775 1527/1774 1503/1749 
f 1505/1751 1529/1776 1528/1775 1504/1750 
f 1506/1752 1530/1777 1529/1776 1505/1751 
f 1507/1753 1531/1778 1530/1777 1506/1752 
f 1508/1754 1532/1779 1531/1778 1507/1753 
f 1509/1755 1533/1780 1532/1779 1508/1754 
f 1486/1731 1510/1756 1533/1780 1509/1755 
f 1511/1758 1535/1783 1534/1782 1510/1757 
f 1512/1759 1536/1784 1535/1783 1511/1758 
f 1513/1760 1537/1785 1536/1784 1512/1759 
f 1514/1761 1538/1786 1537/1785 1513/1760 
f 1515/1762 1539/1787 1538/1786 1514/1761 
f 1516/1763 1540/1788 1539/1787 1515/1762 
f 1517/1764 1541/1789 1540/1788 1516/1763 
f 1518/1765 1542/1790 1541/1789 1517/1764 
f 1519/1766 1543/1791 1542/1790 1518/1765 
f 1520/1767 1544/1792 1543/1791 1519/1766 
f 1521/1768 1545/1793 1544/1792 1520/1767 
f 1522/1769 1546/1794 1545/1793 1521/1768 
f 1523/1770 1547/1795 1546/1794 1522/1769 
f 1524/1771 1548/1796 1547/1795 1523/1770 
f 1525/1772 1549/1797 1548/1796 1524/1771 
f 1526/1773 1550/1798 1549/1797 1525/1772 
f 1527/1774 1551/1799 1550/1798 1526/1773 
f 1528/1775 1552/1800 1551/1799 1527/1774 
f 1529/1776 1553/1801 1552/1800 1528/1775 
f 1530/1777 1554/1802 1553/1801 1529/1776 
f 1531/1778 1555/1803 1554/1802 1530/1777 
f 1532/1779 1556/1804 1555/1803 1531/1778 
f 1533/1780 1557/1805 1556/1804 1532/1779 
f 1510/1756 1534/1781 1557/1805 1533/1780 
f 1535/1783 1559/1808 1558/1807 1534/1782 
f 1536/1784 1560/1809 1559/1808 1535/1783 
f 1537/1785 1561/1810 1560/1809 1536/1784 
f 1538/1786 1562/1811 1561/1810 1537/1785 
f 1539/1787 1563/1812 1562/1811 1538/1786 
f 1540/1788 1564/1813 1563/1812 1539/1787 
f 1541/1789 1565/1814 1564/1813 1540/1788 
f 1542/1790 1566/1815 1565/1814 1541/1789 
f 1543/1791 1567/1816 1566/1815 1542/1790 
f 1544/1792 1568/1817 1567/1816 1543/1791 
f 1545/1793 1569/1818 1568/1817 1544/1792 
f 1546/1794 1570/1819 1569/1818 1545/1793 
f 1547/1795 1571/1820 1570/1819 1546/1794 
f 1548/1796 1572/1821 1571/1820 1547/1795 
f 1549/1797 1573/1822 1572/1821 1548/1796 
f 1550/1798 1574/1823 1573/1822 1549/1797 
f 1551/1799 1575/1824 1574/1823 1550/1798 
f 1552/1800 1576/1825 1575/1824 1551/1799 
f 1553/1801 1577/1826 1576/1825 1552/1800 
f 1554/1802 1578/1827 1577/1826 1553/1801 
f 1555/1803 1579/1828 1578/1827 1554/1802 
f 1556/1804 1580/1829 1579/1828 1555/1803 
f 1557/1805 1581/1830 1580/1829 1556/1804 
f 1534/1781 1558/1806 1581/1830 1557/1805 
f 1559/1808 1583/1833 1582/1832 1558/1807 
f 1560/1809 1584/1834 1583/1833 1559/1808 
f 1561/1810 1585/1835 1584/1834 1560/1809 
f 1562/1811 1586/1836 1585/1835 1561/1810 
f 1563/1812 1587/1837 1586/1836 1562/1811 
f 1564/1813 1588/1838 1587/1837 1563/1812 
f 1565/1814 1589/1839 1588/1838 1564/1813 
f 1566/1815 1590/1840 1589/1839 1565/1814 
f 1567/1816 1591/1841 1590/1840 1566/1815 
f 1568/1817 1592/1842 1591/1841 1567/1816 
f 1569/1818 1593/1843 1592/1842 1568/1817 
f 1570/1819 1594/1844 1593/1843 1569/1818 
f 1571/1820 1595/1845 1594/1844 1570/1819 
f 1572/1821 1596/1846 1595/1845 1571/1820 
f 1573/1822 1597/1847 1596/1846 1572/1821 
f 1574/1823 1598/1848 1597/1847 1573/1822 
f 1575/1824 1599/1849 1598/1848 1574/1823 
f 1576/1825 1600/1850 1599/1849 1575/1824 
f 1577/1826 1601/1851 1600/1850 1576/1825 
f 1578/1827 1602/1852 1601/1851 1577/1826 
f 1579/1828 1603/1853 1602/1852 1578/1827 
f 1580/1829 1604/1854 1603/1853 1579/1828 
f 1581/1830 1605/1855 1604/1854 1580/1829 
f 1558/1806 1582/1831 1605/1855 1581/1830 
f 1343/1583 1342/1582 1340/1556 
f 1341/1580 1582/1832 1583/1833 
f 1344/1584 1343/1583 1340/1555 
f 1341/1579 1583/1833 1584/1834 
f 1345/1585 1344/1584 1340/1554 
f 1341/1578 1584/1834 1585/1835 
f 1346/1586 1345/1585 1340/1553 
f 1341/1577 1585/1835 1586/1836 
f 1347/1587 1346/1586 1340/1552 
f 1341/1576 1586/1836 1587/1837 
f 1348/1588 1347/1587 1340/1551 
f 1341/1575 1587/1837 1588/1838 
f 1349/1589 1348/1588 1340/1550 
f 1341/1574 1588/1838 1589/1839 
f 1350/1590 1349/1589 1340/1549 
f 1341/1573 1589/1839 1590/1840 
f 1351/1591 1350/1590 1340/1548 
f 1341/1572 1590/1840 1591/1841 
f 1352/1592 1351/1591 1340/1547 
f 1341/1571 1591/1841 1592/1842 
f 1353/1593 1352/1592 1340/1546 
f 1341/1570 1592/1842 1593/1843 
f 1354/1594 1353/1593 1340/1545 
f 1341/1569 1593/1843 1594/1844 
f 1355/1595 1354/1594 1340/1544 
f 1341/1568 1594/1844 1595/1845 
f 1356/1596 1355/1595 1340/1543 
f 1341/1567 1595/1845 1596/1846 
f 1357/1597 1356/1596 1340/1542 
f 1341/1566 1596/1846 1597/1847 
f 1358/1598 1357/1597 1340/1541 
f 1341/1565 1597/1847 1598/1848 
f 1359/1599 1358/1598 1340/1540 
f 1341/1564 1598/1848 1599/1849 
f 1360/1600 1359/1599 1340/1539 
f 1341/1563 1599/1849 1600/1850 
f 1361/1601 1360/1600 1340/1538 
f 1341/1562 1600/1850 1601/1851 
f 1362/1602 1361/1601 1340/1537 
f 1341/1561 1601/1851 1602/1852 
f 1363/1603 1362/1602 1340/1536 
f 1341/1560 1602/1852 1603/1853 
f 1364/1604 1363/1603 1340/1535 
f 1341/1559 1603/1853 1604/1854 
f 1365/1605 1364/1604 1340/1534 
f 1341/1558 1604/1854 1605/1855 
f 1342/1581 1365/1605 1340/1533 
f 1341/1557 1605/1855 1582/1831 

g Neutre Sph_re_1
usemtl Mat
v -0.463138 1.063439 -0.789669
v -0.463138 1.678823 -0.789669
v -0.383501 1.073923 -0.789669
v -0.386215 1.073923 -0.810281
v -0.39417 1.073923 -0.829488
v -0.406826 1.073923 -0.845981
v -0.423319 1.073923 -0.858637
v -0.442526 1.073923 -0.866592
v -0.463138 1.073923 -0.869306
v -0.483749 1.073923 -0.866592
v -0.502956 1.073923 -0.858637
v -0.519449 1.073923 -0.845981
v -0.532105 1.073923 -0.829488
v -0.540061 1.073923 -0.810281
v -0.542774 1.073923 -0.789669
v -0.540061 1.073923 -0.769058
v -0.532105 1.073923 -0.749851
v -0.519449 1.073923 -0.733358
v -0.502956 1.073923 -0.720702
v -0.483749 1.073923 -0.712746
v -0.463138 1.073923 -0.710033
v -0.442526 1.073923 -0.712746
v -0.423319 1.073923 -0.720702
v -0.406826 1.073923 -0.733358
v -0.39417 1.073923 -0.749851
v -0.386215 1.073923 -0.769058
v -0.309292 1.104662 -0.789669
v -0.314534 1.104662 -0.829488
v -0.329903 1.104662 -0.866592
v -0.354352 1.104662 -0.898455
v -0.386215 1.104662 -0.922904
v -0.423319 1.104662 -0.938273
v -0.463138 1.104662 -0.943515
v -0.502956 1.104662 -0.938273
v -0.540061 1.104662 -0.922904
v -0.571923 1.104662 -0.898455
v -0.596372 1.104662 -0.866592
v -0.611742 1.104662 -0.829488
v -0.616984 1.104662 -0.789669
v -0.611742 1.104662 -0.749851
v -0.596372 1.104662 -0.712746
v -0.571923 1.104662 -0.680884
v -0.540061 1.104662 -0.656435
v -0.502956 1.104662 -0.641065
v -0.463138 1.104662 -0.635823
v -0.423319 1.104662 -0.641065
v -0.386215 1.104662 -0.656435
v -0.354352 1.104662 -0.680884
v -0.329903 1.104662 -0.712746
v -0.314534 1.104662 -0.749851
v -0.245566 1.15356 -0.789669
v -0.25298 1.15356 -0.845981
v -0.274715 1.15356 -0.898455
v -0.309292 1.15356 -0.943515
v -0.354352 1.15356 -0.978092
v -0.406826 1.15356 -0.999827
v -0.463138 1.15356 -1.007241
v -0.519449 1.15356 -0.999827
v -0.571923 1.15356 -0.978092
v -0.616984 1.15356 -0.943515
v -0.65156 1.15356 -0.898455
v -0.673295 1.15356 -0.845981
v -0.680709 1.15356 -0.789669
v -0.673295 1.15356 -0.733358
v -0.65156 1.15356 -0.680884
v -0.616984 1.15356 -0.635823
v -0.571923 1.15356 -0.601247
v -0.519449 1.15356 -0.579512
v -0.463138 1.15356 -0.572098
v -0.406826 1.15356 -0.579512
v -0.354352 1.15356 -0.601247
v -0.309292 1.15356 -0.635823
v -0.274715 1.15356 -0.680884
v -0.25298 1.15356 -0.733358
v -0.196668 1.217285 -0.789669
v -0.205748 1.217285 -0.858637
v -0.232369 1.217285 -0.922904
v -0.274715 1.217285 -0.978092
v -0.329903 1.217285 -1.020438
v -0.39417 1.217285 -1.047059
v -0.463138 1.217285 -1.056139
v -0.532105 1.217285 -1.047059
v -0.596372 1.217285 -1.020438
v -0.65156 1.217285 -0.978092
v -0.693907 1.217285 -0.922904
v -0.720527 1.217285 -0.858637
v -0.729607 1.217285 -0.789669
v -0.720527 1.217285 -0.720702
v -0.693907 1.217285 -0.656435
v -0.65156 1.217285 -0.601247
v -0.596372 1.217285 -0.5589
v -0.532105 1.217285 -0.53228
v -0.463138 1.217285 -0.5232
v -0.39417 1.217285 -0.53228
v -0.329903 1.217285 -0.5589
v -0.274715 1.217285 -0.601247
v -0.232369 1.217285 -0.656435
v -0.205748 1.217285 -0.720702
v -0.16593 1.291494 -0.789669
v -0.176057 1.291494 -0.866592
v -0.205748 1.291494 -0.938273
v -0.25298 1.291494 -0.999827
v -0.314534 1.291494 -1.047059
v -0.386215 1.291494 -1.07675
v -0.463138 1.291494 -1.086877
v -0.540061 1.291494 -1.07675
v -0.611742 1.291494 -1.047059
v -0.673295 1.291494 -0.999827
v -0.720527 1.291494 -0.938273
v -0.750219 1.291494 -0.866592
v -0.760346 1.291494 -0.789669
v -0.750219 1.291494 -0.712746
v -0.720527 1.291494 -0.641065
v -0.673295 1.291494 -0.579512
v -0.611742 1.291494 -0.53228
v -0.540061 1.291494 -0.502588
v -0.463138 1.291494 -0.492461
v -0.386215 1.291494 -0.502588
v -0.314534 1.291494 -0.53228
v -0.25298 1.291494 -0.579512
v -0.205748 1.291494 -0.641065
v -0.176057 1.291494 -0.712746
v -0.155445 1.371131 -0.789669
v -0.16593 1.371131 -0.869306
v -0.196668 1.371131 -0.943515
v -0.245566 1.371131 -1.007241
v -0.309292 1.371131 -1.056139
v -0.383501 1.371131 -1.086877
v -0.463138 1.371131 -1.097362
v -0.542774 1.371131 -1.086877
v -0.616984 1.371131 -1.056139
v -0.680709 1.371131 -1.007241
v -0.729607 1.371131 -0.943515
v -0.760346 1.371131 -0.869306
v -0.77083 1.371131 -0.789669
v -0.760346 1.371131 -0.710033
v -0.729607 1.371131 -0.635823
v -0.680709 1.371131 -0.572098
v -0.616984 1.371131 -0.5232
v -0.542774 1.371131 -0.492461
v -0.463138 1.371131 -0.481977
v -0.383501 1.371131 -0.492461
v -0.309292 1.371131 -0.5232
v -0.245566 1.371131 -0.572098
v -0.196668 1.371131 -0.635823
v -0.16593 1.371131 -0.710033
v -0.16593 1.450768 -0.789669
v -0.176057 1.450768 -0.866592
v -0.205748 1.450768 -0.938273
v -0.25298 1.450768 -0.999827
v -0.314534 1.450768 -1.047059
v -0.386215 1.450768 -1.07675
v -0.463138 1.450768 -1.086877
v -0.540061 1.450768 -1.07675
v -0.611742 1.450768 -1.047059
v -0.673295 1.450768 -0.999827
v -0.720527 1.450768 -0.938273
v -0.750219 1.450768 -0.866592
v -0.760346 1.450768 -0.789669
v -0.750219 1.450768 -0.712746
v -0.720527 1.450768 -0.641065
v -0.673295 1.450768 -0.579512
v -0.611742 1.450768 -0.53228
v -0.540061 1.450768 -0.502588
v -0.463138 1.450768 -0.492461
v -0.386215 1.450768 -0.502588
v -0.314534 1.450768 -0.53228
v -0.25298 1.450768 -0.579512
v -0.205748 1.450768 -0.641065
v -0.176057 1.450768 -0.712746
v -0.196668 1.524977 -0.789669
v -0.205748 1.524977 -0.858637
v -0.232369 1.524977 -0.922904
v -0.274715 1.524977 -0.978092
v -0.329903 1.524977 -1.020438
v -0.39417 1.524977 -1.047059
v -0.463138 1.524977 -1.056139
v -0.532105 1.524977 -1.047059
v -0.596372 1.524977 -1.020438
v -0.65156 1.524977 -0.978092
v -0.693907 1.524977 -0.922904
v -0.720527 1.524977 -0.858637
v -0.729607 1.524977 -0.789669
v -0.720527 1.524977 -0.720702
v -0.693907 1.524977 -0.656435
v -0.65156 1.524977 -0.601247
v -0.596372 1.524977 -0.5589
v -0.532105 1.524977 -0.53228
v -0.463138 1.524977 -0.5232
v -0.39417 1.524977 -0.53228
v -0.329903 1.524977 -0.5589
v -0.274715 1.524977 -0.601247
v -0.232369 1.524977 -0.656435
v -0.205748 1.524977 -0.720702
v -0.245566 1.588702 -0.789669
v -0.25298 1.588702 -0.845981
v -0.274715 1.588702 -0.898455
v -0.309292 1.588702 -0.943515
v -0.354352 1.588702 -0.978092
v -0.406826 1.588702 -0.999827
v -0.463138 1.588702 -1.007241
v -0.519449 1.588702 -0.999827
v -0.571923 1.588702 -0.978092
v -0.616984 1.588702 -0.943515
v -0.65156 1.588702 -0.898455
v -0.673295 1.588702 -0.845981
v -0.680709 1.588702 -0.789669
v -0.673295 1.588702 -0.733358
v -0.65156 1.588702 -0.680884
v -0.616984 1.588702 -0.635823
v -0.571923 1.588702 -0.601247
v -0.519449 1.588702 -0.579512
v -0.463138 1.588702 -0.572098
v -0.406826 1.588702 -0.579512
v -0.354352 1.588702 -0.601247
v -0.309292 1.588702 -0.635823
v -0.274715 1.588702 -0.680884
v -0.25298 1.588702 -0.733358
v -0.309292 1.6376 -0.789669
v -0.314534 1.6376 -0.829488
v -0.329903 1.6376 -0.866592
v -0.354352 1.6376 -0.898455
v -0.386215 1.6376 -0.922904
v -0.423319 1.6376 -0.938273
v -0.463138 1.6376 -0.943515
v -0.502956 1.6376 -0.938273
v -0.540061 1.6376 -0.922904
v -0.571923 1.6376 -0.898455
v -0.596372 1.6376 -0.866592
v -0.611742 1.6376 -0.829488
v -0.616984 1.6376 -0.789669
v -0.611742 1.6376 -0.749851
v -0.596372 1.6376 -0.712746
v -0.571923 1.6376 -0.680884
v -0.540061 1.6376 -0.656435
v -0.502956 1.6376 -0.641065
v -0.463138 1.6376 -0.635823
v -0.423319 1.6376 -0.641065
v -0.386215 1.6376 -0.656435
v -0.354352 1.6376 -0.680884
v -0.329903 1.6376 -0.712746
v -0.314534 1.6376 -0.749851
v -0.383501 1.668339 -0.789669
v -0.386215 1.668339 -0.810281
v -0.39417 1.668339 -0.829488
v -0.406826 1.668339 -0.845981
v -0.423319 1.668339 -0.858637
v -0.442526 1.668339 -0.866592
v -0.463138 1.668339 -0.869306
v -0.483749 1.668339 -0.866592
v -0.502956 1.668339 -0.858637
v -0.519449 1.668339 -0.845981
v -0.532105 1.668339 -0.829488
v -0.540061 1.668339 -0.810281
v -0.542774 1.668339 -0.789669
v -0.540061 1.668339 -0.769058
v -0.532105 1.668339 -0.749851
v -0.519449 1.668339 -0.733358
v -0.502956 1.668339 -0.720702
v -0.483749 1.668339 -0.712746
v -0.463138 1.668339 -0.710033
v -0.442526 1.668339 -0.712746
v -0.423319 1.668339 -0.720702
v -0.406826 1.668339 -0.733358
v -0.39417 1.668339 -0.749851
v -0.386215 1.668339 -0.769058

vt 0.958333 0 0
vt 0.916667 0 0
vt 0.875 0 0
vt 0.833333 0 0
vt 0.791667 0 0
vt 0.75 0 0
vt 0.708333 0 0
vt 0.666667 0 0
vt 0.625 0 0
vt 0.583333 0 0
vt 0.541667 0 0
vt 0.5 0 0
vt 0.458333 0 0
vt 0.416667 0 0
vt 0.375 0 0
vt 0.333333 0 0
vt 0.291667 0 0
vt 0.25 0 0
vt 0.208333 0 0
vt 0.166667 0 0
vt 0.125 0 0
vt 0.083333 0 0
vt 0.041667 0 0
vt 0 0 0
vt 0.958333 1 0
vt 0.916667 1 0
vt 0.875 1 0
vt 0.833333 1 0
vt 0.791667 1 0
vt 0.75 1 0
vt 0.708333 1 0
vt 0.666667 1 0
vt 0.625 1 0
vt 0.583333 1 0
vt 0.541667 1 0
vt 0.5 1 0
vt 0.458333 1 0
vt 0.416667 1 0
vt 0.375 1 0
vt 0.333333 1 0
vt 0.291667 1 0
vt 0.25 1 0
vt 0.208333 1 0
vt 0.166667 1 0
vt 0.125 1 0
vt 0.083333 1 0
vt 0.041667 1 0
vt 0 1 0
vt 1 0.083333 0
vt 0 0.083333 0
vt 0.041667 0.083333 0
vt 0.083333 0.083333 0
vt 0.125 0.083333 0
vt 0.166667 0.083333 0
vt 0.208333 0.083333 0
vt 0.25 0.083333 0
vt 0.291667 0.083333 0
vt 0.333333 0.083333 0
vt 0.375 0.083333 0
vt 0.416667 0.083333 0
vt 0.458333 0.083333 0
vt 0.5 0.083333 0
vt 0.541667 0.083333 0
vt 0.583333 0.083333 0
vt 0.625 0.083333 0
vt 0.666667 0.083333 0
vt 0.708333 0.083333 0
vt 0.75 0.083333 0
vt 0.791667 0.083333 0
vt 0.833333 0.083333 0
vt 0.875 0.083333 0
vt 0.916667 0.083333 0
vt 0.958333 0.083333 0
vt 1 0.166667 0
vt 0 0.166667 0
vt 0.041667 0.166667 0
vt 0.083333 0.166667 0
vt 0.125 0.166667 0
vt 0.166667 0.166667 0
vt 0.208333 0.166667 0
vt 0.25 0.166667 0
vt 0.291667 0.166667 0
vt 0.333333 0.166667 0
vt 0.375 0.166667 0
vt 0.416667 0.166667 0
vt 0.458333 0.166667 0
vt 0.5 0.166667 0
vt 0.541667 0.166667 0
vt 0.583333 0.166667 0
vt 0.625 0.166667 0
vt 0.666667 0.166667 0
vt 0.708333 0.166667 0
vt 0.75 0.166667 0
vt 0.791667 0.166667 0
vt 0.833333 0.166667 0
vt 0.875 0.166667 0
vt 0.916667 0.166667 0
vt 0.958333 0.166667 0
vt 1 0.25 0
vt 0 0.25 0
vt 0.041667 0.25 0
vt 0.083333 0.25 0
vt 0.125 0.25 0
vt 0.166667 0.25 0
vt 0.208333 0.25 0
vt 0.25 0.25 0
vt 0.291667 0.25 0
vt 0.333333 0.25 0
vt 0.375 0.25 0
vt 0.416667 0.25 0
vt 0.458333 0.25 0
vt 0.5 0.25 0
vt 0.541667 0.25 0
vt 0.583333 0.25 0
vt 0.625 0.25 0
vt 0.666667 0.25 0
vt 0.708333 0.25 0
vt 0.75 0.25 0
vt 0.791667 0.25 0
vt 0.833333 0.25 0
vt 0.875 0.25 0
vt 0.916667 0.25 0
vt 0.958333 0.25 0
vt 1 0.333333 0
vt 0 0.333333 0
vt 0.041667 0.333333 0
vt 0.083333 0.333333 0
vt 0.125 0.333333 0
vt 0.166667 0.333333 0
vt 0.208333 0.333333 0
vt 0.25 0.333333 0
vt 0.291667 0.333333 0
vt 0.333333 0.333333 0
vt 0.375 0.333333 0
vt 0.416667 0.333333 0
vt 0.458333 0.333333 0
vt 0.5 0.333333 0
vt 0.541667 0.333333 0
vt 0.583333 0.333333 0
vt 0.625 0.333333 0
vt 0.666667 0.333333 0
vt 0.708333 0.333333 0
vt 0.75 0.333333 0
vt 0.791667 0.333333 0
vt 0.833333 0.333333 0
vt 0.875 0.333333 0
vt 0.916667 0.333333 0
vt 0.958333 0.333333 0
vt 1 0.416667 0
vt 0 0.416667 0
vt 0.041667 0.416667 0
vt 0.083333 0.416667 0
vt 0.125 0.416667 0
vt 0.166667 0.416667 0
vt 0.208333 0.416667 0
vt 0.25 0.416667 0
vt 0.291667 0.416667 0
vt 0.333333 0.416667 0
vt 0.375 0.416667 0
vt 0.416667 0.416667 0
vt 0.458333 0.416667 0
vt 0.5 0.416667 0
vt 0.541667 0.416667 0
vt 0.583333 0.416667 0
vt 0.625 0.416667 0
vt 0.666667 0.416667 0
vt 0.708333 0.416667 0
vt 0.75 0.416667 0
vt 0.791667 0.416667 0
vt 0.833333 0.416667 0
vt 0.875 0.416667 0
vt 0.916667 0.416667 0
vt 0.958333 0.416667 0
vt 1 0.5 0
vt 0 0.5 0
vt 0.041667 0.5 0
vt 0.083333 0.5 0
vt 0.125 0.5 0
vt 0.166667 0.5 0
vt 0.208333 0.5 0
vt 0.25 0.5 0
vt 0.291667 0.5 0
vt 0.333333 0.5 0
vt 0.375 0.5 0
vt 0.416667 0.5 0
vt 0.458333 0.5 0
vt 0.5 0.5 0
vt 0.541667 0.5 0
vt 0.583333 0.5 0
vt 0.625 0.5 0
vt 0.666667 0.5 0
vt 0.708333 0.5 0
vt 0.75 0.5 0
vt 0.791667 0.5 0
vt 0.833333 0.5 0
vt 0.875 0.5 0
vt 0.916667 0.5 0
vt 0.958333 0.5 0
vt 1 0.583333 0
vt 0 0.583333 0
vt 0.041667 0.583333 0
vt 0.083333 0.583333 0
vt 0.125 0.583333 0
vt 0.166667 0.583333 0
vt 0.208333 0.583333 0
vt 0.25 0.583333 0
vt 0.291667 0.583333 0
vt 0.333333 0.583333 0
vt 0.375 0.583333 0
vt 0.416667 0.583333 0
vt 0.458333 0.583333 0
vt 0.5 0.583333 0
vt 0.541667 0.583333 0
vt 0.583333 0.583333 0
vt 0.625 0.583333 0
vt 0.666667 0.583333 0
vt 0.708333 0.583333 0
vt 0.75 0.583333 0
vt 0.791667 0.583333 0
vt 0.833333 0.583333 0
vt 0.875 0.583333 0
vt 0.916667 0.583333 0
vt 0.958333 0.583333 0
vt 1 0.666667 0
vt 0 0.666667 0
vt 0.041667 0.666667 0
vt 0.083333 0.666667 0
vt 0.125 0.666667 0
vt 0.166667 0.666667 0
vt 0.208333 0.666667 0
vt 0.25 0.666667 0
vt 0.291667 0.666667 0
vt 0.333333 0.666667 0
vt 0.375 0.666667 0
vt 0.416667 0.666667 0
vt 0.458333 0.666667 0
vt 0.5 0.666667 0
vt 0.541667 0.666667 0
vt 0.583333 0.666667 0
vt 0.625 0.666667 0
vt 0.666667 0.666667 0
vt 0.708333 0.666667 0
vt 0.75 0.666667 0
vt 0.791667 0.666667 0
vt 0.833333 0.666667 0
vt 0.875 0.666667 0
vt 0.916667 0.666667 0
vt 0.958333 0.666667 0
vt 1 0.75 0
vt 0 0.75 0
vt 0.041667 0.75 0
vt 0.083333 0.75 0
vt 0.125 0.75 0
vt 0.166667 0.75 0
vt 0.208333 0.75 0
vt 0.25 0.75 0
vt 0.291667 0.75 0
vt 0.333333 0.75 0
vt 0.375 0.75 0
vt 0.416667 0.75 0
vt 0.458333 0.75 0
vt 0.5 0.75 0
vt 0.541667 0.75 0
vt 0.583333 0.75 0
vt 0.625 0.75 0
vt 0.666667 0.75 0
vt 0.708333 0.75 0
vt 0.75 0.75 0
vt 0.791667 0.75 0
vt 0.833333 0.75 0
vt 0.875 0.75 0
vt 0.916667 0.75 0
vt 0.958333 0.75 0
vt 1 0.833333 0
vt 0 0.833333 0
vt 0.041667 0.833333 0
vt 0.083333 0.833333 0
vt 0.125 0.833333 0
vt 0.166667 0.833333 0
vt 0.208333 0.833333 0
vt 0.25 0.833333 0
vt 0.291667 0.833333 0
vt 0.333333 0.833333 0
vt 0.375 0.833333 0
vt 0.416667 0.833333 0
vt 0.458333 0.833333 0
vt 0.5 0.833333 0
vt 0.541667 0.833333 0
vt 0.583333 0.833333 0
vt 0.625 0.833333 0
vt 0.666667 0.833333 0
vt 0.708333 0.833333 0
vt 0.75 0.833333 0
vt 0.791667 0.833333 0
vt 0.833333 0.833333 0
vt 0.875 0.833333 0
vt 0.916667 0.833333 0
vt 0.958333 0.833333 0
vt 1 0.916667 0
vt 0 0.916667 0
vt 0.041667 0.916667 0
vt 0.083333 0.916667 0
vt 0.125 0.916667 0
vt 0.166667 0.916667 0
vt 0.208333 0.916667 0
vt 0.25 0.916667 0
vt 0.291667 0.916667 0
vt 0.333333 0.916667 0
vt 0.375 0.916667 0
vt 0.416667 0.916667 0
vt 0.458333 0.916667 0
vt 0.5 0.916667 0
vt 0.541667 0.916667 0
vt 0.583333 0.916667 0
vt 0.625 0.916667 0
vt 0.666667 0.916667 0
vt 0.708333 0.916667 0
vt 0.75 0.916667 0
vt 0.791667 0.916667 0
vt 0.833333 0.916667 0
vt 0.875 0.916667 0
vt 0.916667 0.916667 0
vt 0.958333 0.916667 0

f 1609/1906 1633/1931 1632/1930 1608/1905 
f 1610/1907 1634/1932 1633/1931 1609/1906 
f 1611/1908 1635/1933 1634/1932 1610/1907 
f 1612/1909 1636/1934 1635/1933 1611/1908 
f 1613/1910 1637/1935 1636/1934 1612/1909 
f 1614/1911 1638/1936 1637/1935 1613/1910 
f 1615/1912 1639/1937 1638/1936 1614/1911 
f 1616/1913 1640/1938 1639/1937 1615/1912 
f 1617/1914 1641/1939 1640/1938 1616/1913 
f 1618/1915 1642/1940 1641/1939 1617/1914 
f 1619/1916 1643/1941 1642/1940 1618/1915 
f 1620/1917 1644/1942 1643/1941 1619/1916 
f 1621/1918 1645/1943 1644/1942 1620/1917 
f 1622/1919 1646/1944 1645/1943 1621/1918 
f 1623/1920 1647/1945 1646/1944 1622/1919 
f 1624/1921 1648/1946 1647/1945 1623/1920 
f 1625/1922 1649/1947 1648/1946 1624/1921 
f 1626/1923 1650/1948 1649/1947 1625/1922 
f 1627/1924 1651/1949 1650/1948 1626/1923 
f 1628/1925 1652/1950 1651/1949 1627/1924 
f 1629/1926 1653/1951 1652/1950 1628/1925 
f 1630/1927 1654/1952 1653/1951 1629/1926 
f 1631/1928 1655/1953 1654/1952 1630/1927 
f 1608/1904 1632/1929 1655/1953 1631/1928 
f 1633/1931 1657/1956 1656/1955 1632/1930 
f 1634/1932 1658/1957 1657/1956 1633/1931 
f 1635/1933 1659/1958 1658/1957 1634/1932 
f 1636/1934 1660/1959 1659/1958 1635/1933 
f 1637/1935 1661/1960 1660/1959 1636/1934 
f 1638/1936 1662/1961 1661/1960 1637/1935 
f 1639/1937 1663/1962 1662/1961 1638/1936 
f 1640/1938 1664/1963 1663/1962 1639/1937 
f 1641/1939 1665/1964 1664/1963 1640/1938 
f 1642/1940 1666/1965 1665/1964 1641/1939 
f 1643/1941 1667/1966 1666/1965 1642/1940 
f 1644/1942 1668/1967 1667/1966 1643/1941 
f 1645/1943 1669/1968 1668/1967 1644/1942 
f 1646/1944 1670/1969 1669/1968 1645/1943 
f 1647/1945 1671/1970 1670/1969 1646/1944 
f 1648/1946 1672/1971 1671/1970 1647/1945 
f 1649/1947 1673/1972 1672/1971 1648/1946 
f 1650/1948 1674/1973 1673/1972 1649/1947 
f 1651/1949 1675/1974 1674/1973 1650/1948 
f 1652/1950 1676/1975 1675/1974 1651/1949 
f 1653/1951 1677/1976 1676/1975 1652/1950 
f 1654/1952 1678/1977 1677/1976 1653/1951 
f 1655/1953 1679/1978 1678/1977 1654/1952 
f 1632/1929 1656/1954 1679/1978 1655/1953 
f 1657/1956 1681/1981 1680/1980 1656/1955 
f 1658/1957 1682/1982 1681/1981 1657/1956 
f 1659/1958 1683/1983 1682/1982 1658/1957 
f 1660/1959 1684/1984 1683/1983 1659/1958 
f 1661/1960 1685/1985 1684/1984 1660/1959 
f 1662/1961 1686/1986 1685/1985 1661/1960 
f 1663/1962 1687/1987 1686/1986 1662/1961 
f 1664/1963 1688/1988 1687/1987 1663/1962 
f 1665/1964 1689/1989 1688/1988 1664/1963 
f 1666/1965 1690/1990 1689/1989 1665/1964 
f 1667/1966 1691/1991 1690/1990 1666/1965 
f 1668/1967 1692/1992 1691/1991 1667/1966 
f 1669/1968 1693/1993 1692/1992 1668/1967 
f 1670/1969 1694/1994 1693/1993 1669/1968 
f 1671/1970 1695/1995 1694/1994 1670/1969 
f 1672/1971 1696/1996 1695/1995 1671/1970 
f 1673/1972 1697/1997 1696/1996 1672/1971 
f 1674/1973 1698/1998 1697/1997 1673/1972 
f 1675/1974 1699/1999 1698/1998 1674/1973 
f 1676/1975 1700/2000 1699/1999 1675/1974 
f 1677/1976 1701/2001 1700/2000 1676/1975 
f 1678/1977 1702/2002 1701/2001 1677/1976 
f 1679/1978 1703/2003 1702/2002 1678/1977 
f 1656/1954 1680/1979 1703/2003 1679/1978 
f 1681/1981 1705/2006 1704/2005 1680/1980 
f 1682/1982 1706/2007 1705/2006 1681/1981 
f 1683/1983 1707/2008 1706/2007 1682/1982 
f 1684/1984 1708/2009 1707/2008 1683/1983 
f 1685/1985 1709/2010 1708/2009 1684/1984 
f 1686/1986 1710/2011 1709/2010 1685/1985 
f 1687/1987 1711/2012 1710/2011 1686/1986 
f 1688/1988 1712/2013 1711/2012 1687/1987 
f 1689/1989 1713/2014 1712/2013 1688/1988 
f 1690/1990 1714/2015 1713/2014 1689/1989 
f 1691/1991 1715/2016 1714/2015 1690/1990 
f 1692/1992 1716/2017 1715/2016 1691/1991 
f 1693/1993 1717/2018 1716/2017 1692/1992 
f 1694/1994 1718/2019 1717/2018 1693/1993 
f 1695/1995 1719/2020 1718/2019 1694/1994 
f 1696/1996 1720/2021 1719/2020 1695/1995 
f 1697/1997 1721/2022 1720/2021 1696/1996 
f 1698/1998 1722/2023 1721/2022 1697/1997 
f 1699/1999 1723/2024 1722/2023 1698/1998 
f 1700/2000 1724/2025 1723/2024 1699/1999 
f 1701/2001 1725/2026 1724/2025 1700/2000 
f 1702/2002 1726/2027 1725/2026 1701/2001 
f 1703/2003 1727/2028 1726/2027 1702/2002 
f 1680/1979 1704/2004 1727/2028 1703/2003 
f 1705/2006 1729/2031 1728/2030 1704/2005 
f 1706/2007 1730/2032 1729/2031 1705/2006 
f 1707/2008 1731/2033 1730/2032 1706/2007 
f 1708/2009 1732/2034 1731/2033 1707/2008 
f 1709/2010 1733/2035 1732/2034 1708/2009 
f 1710/2011 1734/2036 1733/2035 1709/2010 
f 1711/2012 1735/2037 1734/2036 1710/2011 
f 1712/2013 1736/2038 1735/2037 1711/2012 
f 1713/2014 1737/2039 1736/2038 1712/2013 
f 1714/2015 1738/2040 1737/2039 1713/2014 
f 1715/2016 1739/2041 1738/2040 1714/2015 
f 1716/2017 1740/2042 1739/2041 1715/2016 
f 1717/2018 1741/2043 1740/2042 1716/2017 
f 1718/2019 1742/2044 1741/2043 1717/2018 
f 1719/2020 1743/2045 1742/2044 1718/2019 
f 1720/2021 1744/2046 1743/2045 1719/2020 
f 1721/2022 1745/2047 1744/2046 1720/2021 
f 1722/2023 1746/2048 1745/2047 1721/2022 
f 1723/2024 1747/2049 1746/2048 1722/2023 
f 1724/2025 1748/2050 1747/2049 1723/2024 
f 1725/2026 1749/2051 1748/2050 1724/2025 
f 1726/2027 1750/2052 1749/2051 1725/2026 
f 1727/2028 1751/2053 1750/2052 1726/2027 
f 1704/2004 1728/2029 1751/2053 1727/2028 
f 1729/2031 1753/2056 1752/2055 1728/2030 
f 1730/2032 1754/2057 1753/2056 1729/2031 
f 1731/2033 1755/2058 1754/2057 1730/2032 
f 1732/2034 1756/2059 1755/2058 1731/2033 
f 1733/2035 1757/2060 1756/2059 1732/2034 
f 1734/2036 1758/2061 1757/2060 1733/2035 
f 1735/2037 1759/2062 1758/2061 1734/2036 
f 1736/2038 1760/2063 1759/2062 1735/2037 
f 1737/2039 1761/2064 1760/2063 1736/2038 
f 1738/2040 1762/2065 1761/2064 1737/2039 
f 1739/2041 1763/2066 1762/2065 1738/2040 
f 1740/2042 1764/2067 1763/2066 1739/2041 
f 1741/2043 1765/2068 1764/2067 1740/2042 
f 1742/2044 1766/2069 1765/2068 1741/2043 
f 1743/2045 1767/2070 1766/2069 1742/2044 
f 1744/2046 1768/2071 1767/2070 1743/2045 
f 1745/2047 1769/2072 1768/2071 1744/2046 
f 1746/2048 1770/2073 1769/2072 1745/2047 
f 1747/2049 1771/2074 1770/2073 1746/2048 
f 1748/2050 1772/2075 1771/2074 1747/2049 
f 1749/2051 1773/2076 1772/2075 1748/2050 
f 1750/2052 1774/2077 1773/2076 1749/2051 
f 1751/2053 1775/2078 1774/2077 1750/2052 
f 1728/2029 1752/2054 1775/2078 1751/2053 
f 1753/2056 1777/2081 1776/2080 1752/2055 
f 1754/2057 1778/2082 1777/2081 1753/2056 
f 1755/2058 1779/2083 1778/2082 1754/2057 
f 1756/2059 1780/2084 1779/2083 1755/2058 
f 1757/2060 1781/2085 1780/2084 1756/2059 
f 1758/2061 1782/2086 1781/2085 1757/2060 
f 1759/2062 1783/2087 1782/2086 1758/2061 
f 1760/2063 1784/2088 1783/2087 1759/2062 
f 1761/2064 1785/2089 1784/2088 1760/2063 
f 1762/2065 1786/2090 1785/2089 1761/2064 
f 1763/2066 1787/2091 1786/2090 1762/2065 
f 1764/2067 1788/2092 1787/2091 1763/2066 
f 1765/2068 1789/2093 1788/2092 1764/2067 
f 1766/2069 1790/2094 1789/2093 1765/2068 
f 1767/2070 1791/2095 1790/2094 1766/2069 
f 1768/2071 1792/2096 1791/2095 1767/2070 
f 1769/2072 1793/2097 1792/2096 1768/2071 
f 1770/2073 1794/2098 1793/2097 1769/2072 
f 1771/2074 1795/2099 1794/2098 1770/2073 
f 1772/2075 1796/2100 1795/2099 1771/2074 
f 1773/2076 1797/2101 1796/2100 1772/2075 
f 1774/2077 1798/2102 1797/2101 1773/2076 
f 1775/2078 1799/2103 1798/2102 1774/2077 
f 1752/2054 1776/2079 1799/2103 1775/2078 
f 1777/2081 1801/2106 1800/2105 1776/2080 
f 1778/2082 1802/2107 1801/2106 1777/2081 
f 1779/2083 1803/2108 1802/2107 1778/2082 
f 1780/2084 1804/2109 1803/2108 1779/2083 
f 1781/2085 1805/2110 1804/2109 1780/2084 
f 1782/2086 1806/2111 1805/2110 1781/2085 
f 1783/2087 1807/2112 1806/2111 1782/2086 
f 1784/2088 1808/2113 1807/2112 1783/2087 
f 1785/2089 1809/2114 1808/2113 1784/2088 
f 1786/2090 1810/2115 1809/2114 1785/2089 
f 1787/2091 1811/2116 1810/2115 1786/2090 
f 1788/2092 1812/2117 1811/2116 1787/2091 
f 1789/2093 1813/2118 1812/2117 1788/2092 
f 1790/2094 1814/2119 1813/2118 1789/2093 
f 1791/2095 1815/2120 1814/2119 1790/2094 
f 1792/2096 1816/2121 1815/2120 1791/2095 
f 1793/2097 1817/2122 1816/2121 1792/2096 
f 1794/2098 1818/2123 1817/2122 1793/2097 
f 1795/2099 1819/2124 1818/2123 1794/2098 
f 1796/2100 1820/2125 1819/2124 1795/2099 
f 1797/2101 1821/2126 1820/2125 1796/2100 
f 1798/2102 1822/2127 1821/2126 1797/2101 
f 1799/2103 1823/2128 1822/2127 1798/2102 
f 1776/2079 1800/2104 1823/2128 1799/2103 
f 1801/2106 1825/2131 1824/2130 1800/2105 
f 1802/2107 1826/2132 1825/2131 1801/2106 
f 1803/2108 1827/2133 1826/2132 1802/2107 
f 1804/2109 1828/2134 1827/2133 1803/2108 
f 1805/2110 1829/2135 1828/2134 1804/2109 
f 1806/2111 1830/2136 1829/2135 1805/2110 
f 1807/2112 1831/2137 1830/2136 1806/2111 
f 1808/2113 1832/2138 1831/2137 1807/2112 
f 1809/2114 1833/2139 1832/2138 1808/2113 
f 1810/2115 1834/2140 1833/2139 1809/2114 
f 1811/2116 1835/2141 1834/2140 1810/2115 
f 1812/2117 1836/2142 1835/2141 1811/2116 
f 1813/2118 1837/2143 1836/2142 1812/2117 
f 1814/2119 1838/2144 1837/2143 1813/2118 
f 1815/2120 1839/2145 1838/2144 1814/2119 
f 1816/2121 1840/2146 1839/2145 1815/2120 
f 1817/2122 1841/2147 1840/2146 1816/2121 
f 1818/2123 1842/2148 1841/2147 1817/2122 
f 1819/2124 1843/2149 1842/2148 1818/2123 
f 1820/2125 1844/2150 1843/2149 1819/2124 
f 1821/2126 1845/2151 1844/2150 1820/2125 
f 1822/2127 1846/2152 1845/2151 1821/2126 
f 1823/2128 1847/2153 1846/2152 1822/2127 
f 1800/2104 1824/2129 1847/2153 1823/2128 
f 1825/2131 1849/2156 1848/2155 1824/2130 
f 1826/2132 1850/2157 1849/2156 1825/2131 
f 1827/2133 1851/2158 1850/2157 1826/2132 
f 1828/2134 1852/2159 1851/2158 1827/2133 
f 1829/2135 1853/2160 1852/2159 1828/2134 
f 1830/2136 1854/2161 1853/2160 1829/2135 
f 1831/2137 1855/2162 1854/2161 1830/2136 
f 1832/2138 1856/2163 1855/2162 1831/2137 
f 1833/2139 1857/2164 1856/2163 1832/2138 
f 1834/2140 1858/2165 1857/2164 1833/2139 
f 1835/2141 1859/2166 1858/2165 1834/2140 
f 1836/2142 1860/2167 1859/2166 1835/2141 
f 1837/2143 1861/2168 1860/2167 1836/2142 
f 1838/2144 1862/2169 1861/2168 1837/2143 
f 1839/2145 1863/2170 1862/2169 1838/2144 
f 1840/2146 1864/2171 1863/2170 1839/2145 
f 1841/2147 1865/2172 1864/2171 1840/2146 
f 1842/2148 1866/2173 1865/2172 1841/2147 
f 1843/2149 1867/2174 1866/2173 1842/2148 
f 1844/2150 1868/2175 1867/2174 1843/2149 
f 1845/2151 1869/2176 1868/2175 1844/2150 
f 1846/2152 1870/2177 1869/2176 1845/2151 
f 1847/2153 1871/2178 1870/2177 1846/2152 
f 1824/2129 1848/2154 1871/2178 1847/2153 
f 1609/1906 1608/1905 1606/1879 
f 1607/1903 1848/2155 1849/2156 
f 1610/1907 1609/1906 1606/1878 
f 1607/1902 1849/2156 1850/2157 
f 1611/1908 1610/1907 1606/1877 
f 1607/1901 1850/2157 1851/2158 
f 1612/1909 1611/1908 1606/1876 
f 1607/1900 1851/2158 1852/2159 
f 1613/1910 1612/1909 1606/1875 
f 1607/1899 1852/2159 1853/2160 
f 1614/1911 1613/1910 1606/1874 
f 1607/1898 1853/2160 1854/2161 
f 1615/1912 1614/1911 1606/1873 
f 1607/1897 1854/2161 1855/2162 
f 1616/1913 1615/1912 1606/1872 
f 1607/1896 1855/2162 1856/2163 
f 1617/1914 1616/1913 1606/1871 
f 1607/1895 1856/2163 1857/2164 
f 1618/1915 1617/1914 1606/1870 
f 1607/1894 1857/2164 1858/2165 
f 1619/1916 1618/1915 1606/1869 
f 1607/1893 1858/2165 1859/2166 
f 1620/1917 1619/1916 1606/1868 
f 1607/1892 1859/2166 1860/2167 
f 1621/1918 1620/1917 1606/1867 
f 1607/1891 1860/2167 1861/2168 
f 1622/1919 1621/1918 1606/1866 
f 1607/1890 1861/2168 1862/2169 
f 1623/1920 1622/1919 1606/1865 
f 1607/1889 1862/2169 1863/2170 
f 1624/1921 1623/1920 1606/1864 
f 1607/1888 1863/2170 1864/2171 
f 1625/1922 1624/1921 1606/1863 
f 1607/1887 1864/2171 1865/2172 
f 1626/1923 1625/1922 1606/1862 
f 1607/1886 1865/2172 1866/2173 
f 1627/1924 1626/1923 1606/1861 
f 1607/1885 1866/2173 1867/2174 
f 1628/1925 1627/1924 1606/1860 
f 1607/1884 1867/2174 1868/2175 
f 1629/1926 1628/1925 1606/1859 
f 1607/1883 1868/2175 1869/2176 
f 1630/1927 1629/1926 1606/1858 
f 1607/1882 1869/2176 1870/2177 
f 1631/1928 1630/1927 1606/1857 
f 1607/1881 1870/2177 1871/2178 
f 1608/1904 1631/1928 1606/1856 
f 1607/1880 1871/2178 1848/2154 

g Neutre Sph_re
usemtl Mat_2
v -0.251981 1.041768 -1.231615
v -0.251981 1.764845 -1.231615
v -0.158408 1.054087 -1.231615
v -0.161596 1.054087 -1.255833
v -0.170944 1.054087 -1.278401
v -0.185815 1.054087 -1.297781
v -0.205194 1.054087 -1.312652
v -0.227762 1.054087 -1.322
v -0.251981 1.054087 -1.325188
v -0.276199 1.054087 -1.322
v -0.298767 1.054087 -1.312652
v -0.318147 1.054087 -1.297781
v -0.333017 1.054087 -1.278401
v -0.342365 1.054087 -1.255833
v -0.345554 1.054087 -1.231615
v -0.342365 1.054087 -1.207396
v -0.333017 1.054087 -1.184828
v -0.318147 1.054087 -1.165449
v -0.298767 1.054087 -1.150578
v -0.276199 1.054087 -1.14123
v -0.251981 1.054087 -1.138042
v -0.227762 1.054087 -1.14123
v -0.205194 1.054087 -1.150578
v -0.185815 1.054087 -1.165449
v -0.170944 1.054087 -1.184828
v -0.161596 1.054087 -1.207396
v -0.071212 1.090205 -1.231615
v -0.077371 1.090205 -1.278401
v -0.09543 1.090205 -1.322
v -0.124158 1.090205 -1.359438
v -0.161596 1.090205 -1.388166
v -0.205194 1.090205 -1.406225
v -0.251981 1.090205 -1.412384
v -0.298767 1.090205 -1.406225
v -0.342365 1.090205 -1.388166
v -0.379804 1.090205 -1.359438
v -0.408531 1.090205 -1.322
v -0.42659 1.090205 -1.278401
v -0.43275 1.090205 -1.231615
v -0.42659 1.090205 -1.184828
v -0.408531 1.090205 -1.14123
v -0.379804 1.090205 -1.103792
v -0.342365 1.090205 -1.075064
v -0.298767 1.090205 -1.057005
v -0.251981 1.090205 -1.050846
v -0.205194 1.090205 -1.057005
v -0.161596 1.090205 -1.075064
v -0.124158 1.090205 -1.103792
v -0.09543 1.090205 -1.14123
v -0.077371 1.090205 -1.184828
v 0.003666 1.14766 -1.231615
v -0.005045 1.14766 -1.297781
v -0.030585 1.14766 -1.359438
v -0.071212 1.14766 -1.412384
v -0.124158 1.14766 -1.453011
v -0.185815 1.14766 -1.47855
v -0.251981 1.14766 -1.487261
v -0.318147 1.14766 -1.47855
v -0.379804 1.14766 -1.453011
v -0.43275 1.14766 -1.412384
v -0.473377 1.14766 -1.359438
v -0.498916 1.14766 -1.297781
v -0.507627 1.14766 -1.231615
v -0.498916 1.14766 -1.165449
v -0.473377 1.14766 -1.103792
v -0.43275 1.14766 -1.050846
v -0.379804 1.14766 -1.010219
v -0.318147 1.14766 -0.98468
v -0.251981 1.14766 -0.975969
v -0.185815 1.14766 -0.98468
v -0.124158 1.14766 -1.010219
v -0.071212 1.14766 -1.050846
v -0.030585 1.14766 -1.103792
v -0.005045 1.14766 -1.165449
v 0.061121 1.222537 -1.231615
v 0.050452 1.222537 -1.312652
v 0.019173 1.222537 -1.388166
v -0.030585 1.222537 -1.453011
v -0.09543 1.222537 -1.502769
v -0.170944 1.222537 -1.534048
v -0.251981 1.222537 -1.544716
v -0.333017 1.222537 -1.534048
v -0.408531 1.222537 -1.502769
v -0.473377 1.222537 -1.453011
v -0.523135 1.222537 -1.388166
v -0.554414 1.222537 -1.312652
v -0.565082 1.222537 -1.231615
v -0.554414 1.222537 -1.150578
v -0.523135 1.222537 -1.075064
v -0.473377 1.222537 -1.010219
v -0.408531 1.222537 -0.960461
v -0.333017 1.222537 -0.929182
v -0.251981 1.222537 -0.918513
v -0.170944 1.222537 -0.929182
v -0.09543 1.222537 -0.960461
v -0.030585 1.222537 -1.010219
v 0.019173 1.222537 -1.075064
v 0.050452 1.222537 -1.150578
v 0.097239 1.309733 -1.231615
v 0.085339 1.309733 -1.322
v 0.050452 1.309733 -1.406225
v -0.005045 1.309733 -1.47855
v -0.077371 1.309733 -1.534048
v -0.161596 1.309733 -1.568935
v -0.251981 1.309733 -1.580834
v -0.342365 1.309733 -1.568935
v -0.42659 1.309733 -1.534048
v -0.498916 1.309733 -1.47855
v -0.554414 1.309733 -1.406225
v -0.589301 1.309733 -1.322
v -0.6012 1.309733 -1.231615
v -0.589301 1.309733 -1.14123
v -0.554414 1.309733 -1.057005
v -0.498916 1.309733 -0.98468
v -0.42659 1.309733 -0.929182
v -0.342365 1.309733 -0.894295
v -0.251981 1.309733 -0.882396
v -0.161596 1.309733 -0.894295
v -0.077371 1.309733 -0.929182
v -0.005045 1.309733 -0.98468
v 0.050452 1.309733 -1.057005
v 0.085339 1.309733 -1.14123
v 0.109558 1.403306 -1.231615
v 0.097239 1.403306 -1.325188
v 0.061121 1.403306 -1.412384
v 0.003666 1.403306 -1.487261
v -0.071212 1.403306 -1.544716
v -0.158408 1.403306 -1.580834
v -0.251981 1.403306 -1.593153
v -0.345554 1.403306 -1.580834
v -0.43275 1.403306 -1.544716
v -0.507627 1.403306 -1.487261
v -0.565082 1.403306 -1.412384
v -0.6012 1.403306 -1.325188
v -0.613519 1.403306 -1.231615
v -0.6012 1.403306 -1.138042
v -0.565082 1.403306 -1.050846
v -0.507627 1.403306 -0.975969
v -0.43275 1.403306 -0.918513
v -0.345554 1.403306 -0.882396
v -0.251981 1.403306 -0.870076
v -0.158408 1.403306 -0.882396
v -0.071212 1.403306 -0.918513
v 0.003666 1.403306 -0.975969
v 0.061121 1.403306 -1.050846
v 0.097239 1.403306 -1.138042
v 0.097239 1.49688 -1.231615
v 0.085339 1.49688 -1.322
v 0.050452 1.49688 -1.406225
v -0.005045 1.49688 -1.47855
v -0.077371 1.49688 -1.534048
v -0.161596 1.49688 -1.568935
v -0.251981 1.49688 -1.580834
v -0.342365 1.49688 -1.568935
v -0.42659 1.49688 -1.534048
v -0.498916 1.49688 -1.47855
v -0.554414 1.49688 -1.406225
v -0.589301 1.49688 -1.322
v -0.6012 1.49688 -1.231615
v -0.589301 1.49688 -1.14123
v -0.554414 1.49688 -1.057005
v -0.498916 1.49688 -0.98468
v -0.42659 1.49688 -0.929182
v -0.342365 1.49688 -0.894295
v -0.251981 1.49688 -0.882396
v -0.161596 1.49688 -0.894295
v -0.077371 1.49688 -0.929182
v -0.005045 1.49688 -0.98468
v 0.050452 1.49688 -1.057005
v 0.085339 1.49688 -1.14123
v 0.061121 1.584076 -1.231615
v 0.050452 1.584076 -1.312652
v 0.019173 1.584076 -1.388166
v -0.030585 1.584076 -1.453011
v -0.09543 1.584076 -1.502769
v -0.170944 1.584076 -1.534048
v -0.251981 1.584076 -1.544716
v -0.333017 1.584076 -1.534048
v -0.408531 1.584076 -1.502769
v -0.473377 1.584076 -1.453011
v -0.523135 1.584076 -1.388166
v -0.554414 1.584076 -1.312652
v -0.565082 1.584076 -1.231615
v -0.554414 1.584076 -1.150578
v -0.523135 1.584076 -1.075064
v -0.473377 1.584076 -1.010219
v -0.408531 1.584076 -0.960461
v -0.333017 1.584076 -0.929182
v -0.251981 1.584076 -0.918513
v -0.170944 1.584076 -0.929182
v -0.09543 1.584076 -0.960461
v -0.030585 1.584076 -1.010219
v 0.019173 1.584076 -1.075064
v 0.050452 1.584076 -1.150578
v 0.003666 1.658953 -1.231615
v -0.005045 1.658953 -1.297781
v -0.030585 1.658953 -1.359438
v -0.071212 1.658953 -1.412384
v -0.124158 1.658953 -1.453011
v -0.185815 1.658953 -1.47855
v -0.251981 1.658953 -1.487261
v -0.318147 1.658953 -1.47855
v -0.379804 1.658953 -1.453011
v -0.43275 1.658953 -1.412384
v -0.473377 1.658953 -1.359438
v -0.498916 1.658953 -1.297781
v -0.507627 1.658953 -1.231615
v -0.498916 1.658953 -1.165449
v -0.473377 1.658953 -1.103792
v -0.43275 1.658953 -1.050846
v -0.379804 1.658953 -1.010219
v -0.318147 1.658953 -0.98468
v -0.251981 1.658953 -0.975969
v -0.185815 1.658953 -0.98468
v -0.124158 1.658953 -1.010219
v -0.071212 1.658953 -1.050846
v -0.030585 1.658953 -1.103792
v -0.005045 1.658953 -1.165449
v -0.071212 1.716408 -1.231615
v -0.077371 1.716408 -1.278401
v -0.09543 1.716408 -1.322
v -0.124158 1.716408 -1.359438
v -0.161596 1.716408 -1.388166
v -0.205194 1.716408 -1.406225
v -0.251981 1.716408 -1.412384
v -0.298767 1.716408 -1.406225
v -0.342365 1.716408 -1.388166
v -0.379804 1.716408 -1.359438
v -0.408531 1.716408 -1.322
v -0.42659 1.716408 -1.278401
v -0.43275 1.716408 -1.231615
v -0.42659 1.716408 -1.184828
v -0.408531 1.716408 -1.14123
v -0.379804 1.716408 -1.103792
v -0.342365 1.716408 -1.075064
v -0.298767 1.716408 -1.057005
v -0.251981 1.716408 -1.050846
v -0.205194 1.716408 -1.057005
v -0.161596 1.716408 -1.075064
v -0.124158 1.716408 -1.103792
v -0.09543 1.716408 -1.14123
v -0.077371 1.716408 -1.184828
v -0.158408 1.752526 -1.231615
v -0.161596 1.752526 -1.255833
v -0.170944 1.752526 -1.278401
v -0.185815 1.752526 -1.297781
v -0.205194 1.752526 -1.312652
v -0.227762 1.752526 -1.322
v -0.251981 1.752526 -1.325188
v -0.276199 1.752526 -1.322
v -0.298767 1.752526 -1.312652
v -0.318147 1.752526 -1.297781
v -0.333017 1.752526 -1.278401
v -0.342365 1.752526 -1.255833
v -0.345554 1.752526 -1.231615
v -0.342365 1.752526 -1.207396
v -0.333017 1.752526 -1.184828
v -0.318147 1.752526 -1.165449
v -0.298767 1.752526 -1.150578
v -0.276199 1.752526 -1.14123
v -0.251981 1.752526 -1.138042
v -0.227762 1.752526 -1.14123
v -0.205194 1.752526 -1.150578
v -0.185815 1.752526 -1.165449
v -0.170944 1.752526 -1.184828
v -0.161596 1.752526 -1.207396

vt 0.958333 0 0
vt 0.916667 0 0
vt 0.875 0 0
vt 0.833333 0 0
vt 0.791667 0 0
vt 0.75 0 0
vt 0.708333 0 0
vt 0.666667 0 0
vt 0.625 0 0
vt 0.583333 0 0
vt 0.541667 0 0
vt 0.5 0 0
vt 0.458333 0 0
vt 0.416667 0 0
vt 0.375 0 0
vt 0.333333 0 0
vt 0.291667 0 0
vt 0.25 0 0
vt 0.208333 0 0
vt 0.166667 0 0
vt 0.125 0 0
vt 0.083333 0 0
vt 0.041667 0 0
vt 0 0 0
vt 0.958333 1 0
vt 0.916667 1 0
vt 0.875 1 0
vt 0.833333 1 0
vt 0.791667 1 0
vt 0.75 1 0
vt 0.708333 1 0
vt 0.666667 1 0
vt 0.625 1 0
vt 0.583333 1 0
vt 0.541667 1 0
vt 0.5 1 0
vt 0.458333 1 0
vt 0.416667 1 0
vt 0.375 1 0
vt 0.333333 1 0
vt 0.291667 1 0
vt 0.25 1 0
vt 0.208333 1 0
vt 0.166667 1 0
vt 0.125 1 0
vt 0.083333 1 0
vt 0.041667 1 0
vt 0 1 0
vt 1 0.083333 0
vt 0 0.083333 0
vt 0.041667 0.083333 0
vt 0.083333 0.083333 0
vt 0.125 0.083333 0
vt 0.166667 0.083333 0
vt 0.208333 0.083333 0
vt 0.25 0.083333 0
vt 0.291667 0.083333 0
vt 0.333333 0.083333 0
vt 0.375 0.083333 0
vt 0.416667 0.083333 0
vt 0.458333 0.083333 0
vt 0.5 0.083333 0
vt 0.541667 0.083333 0
vt 0.583333 0.083333 0
vt 0.625 0.083333 0
vt 0.666667 0.083333 0
vt 0.708333 0.083333 0
vt 0.75 0.083333 0
vt 0.791667 0.083333 0
vt 0.833333 0.083333 0
vt 0.875 0.083333 0
vt 0.916667 0.083333 0
vt 0.958333 0.083333 0
vt 1 0.166667 0
vt 0 0.166667 0
vt 0.041667 0.166667 0
vt 0.083333 0.166667 0
vt 0.125 0.166667 0
vt 0.166667 0.166667 0
vt 0.208333 0.166667 0
vt 0.25 0.166667 0
vt 0.291667 0.166667 0
vt 0.333333 0.166667 0
vt 0.375 0.166667 0
vt 0.416667 0.166667 0
vt 0.458333 0.166667 0
vt 0.5 0.166667 0
vt 0.541667 0.166667 0
vt 0.583333 0.166667 0
vt 0.625 0.166667 0
vt 0.666667 0.166667 0
vt 0.708333 0.166667 0
vt 0.75 0.166667 0
vt 0.791667 0.166667 0
vt 0.833333 0.166667 0
vt 0.875 0.166667 0
vt 0.916667 0.166667 0
vt 0.958333 0.166667 0
vt 1 0.25 0
vt 0 0.25 0
vt 0.041667 0.25 0
vt 0.083333 0.25 0
vt 0.125 0.25 0
vt 0.166667 0.25 0
vt 0.208333 0.25 0
vt 0.25 0.25 0
vt 0.291667 0.25 0
vt 0.333333 0.25 0
vt 0.375 0.25 0
vt 0.416667 0.25 0
vt 0.458333 0.25 0
vt 0.5 0.25 0
vt 0.541667 0.25 0
vt 0.583333 0.25 0
vt 0.625 0.25 0
vt 0.666667 0.25 0
vt 0.708333 0.25 0
vt 0.75 0.25 0
vt 0.791667 0.25 0
vt 0.833333 0.25 0
vt 0.875 0.25 0
vt 0.916667 0.25 0
vt 0.958333 0.25 0
vt 1 0.333333 0
vt 0 0.333333 0
vt 0.041667 0.333333 0
vt 0.083333 0.333333 0
vt 0.125 0.333333 0
vt 0.166667 0.333333 0
vt 0.208333 0.333333 0
vt 0.25 0.333333 0
vt 0.291667 0.333333 0
vt 0.333333 0.333333 0
vt 0.375 0.333333 0
vt 0.416667 0.333333 0
vt 0.458333 0.333333 0
vt 0.5 0.333333 0
vt 0.541667 0.333333 0
vt 0.583333 0.333333 0
vt 0.625 0.333333 0
vt 0.666667 0.333333 0
vt 0.708333 0.333333 0
vt 0.75 0.333333 0
vt 0.791667 0.333333 0
vt 0.833333 0.333333 0
vt 0.875 0.333333 0
vt 0.916667 0.333333 0
vt 0.958333 0.333333 0
vt 1 0.416667 0
vt 0 0.416667 0
vt 0.041667 0.416667 0
vt 0.083333 0.416667 0
vt 0.125 0.416667 0
vt 0.166667 0.416667 0
vt 0.208333 0.416667 0
vt 0.25 0.416667 0
vt 0.291667 0.416667 0
vt 0.333333 0.416667 0
vt 0.375 0.416667 0
vt 0.416667 0.416667 0
vt 0.458333 0.416667 0
vt 0.5 0.416667 0
vt 0.541667 0.416667 0
vt 0.583333 0.416667 0
vt 0.625 0.416667 0
vt 0.666667 0.416667 0
vt 0.708333 0.416667 0
vt 0.75 0.416667 0
vt 0.791667 0.416667 0
vt 0.833333 0.416667 0
vt 0.875 0.416667 0
vt 0.916667 0.416667 0
vt 0.958333 0.416667 0
vt 1 0.5 0
vt 0 0.5 0
vt 0.041667 0.5 0
vt 0.083333 0.5 0
vt 0.125 0.5 0
vt 0.166667 0.5 0
vt 0.208333 0.5 0
vt 0.25 0.5 0
vt 0.291667 0.5 0
vt 0.333333 0.5 0
vt 0.375 0.5 0
vt 0.416667 0.5 0
vt 0.458333 0.5 0
vt 0.5 0.5 0
vt 0.541667 0.5 0
vt 0.583333 0.5 0
vt 0.625 0.5 0
vt 0.666667 0.5 0
vt 0.708333 0.5 0
vt 0.75 0.5 0
vt 0.791667 0.5 0
vt 0.833333 0.5 0
vt 0.875 0.5 0
vt 0.916667 0.5 0
vt 0.958333 0.5 0
vt 1 0.583333 0
vt 0 0.583333 0
vt 0.041667 0.583333 0
vt 0.083333 0.583333 0
vt 0.125 0.583333 0
vt 0.166667 0.583333 0
vt 0.208333 0.583333 0
vt 0.25 0.583333 0
vt 0.291667 0.583333 0
vt 0.333333 0.583333 0
vt 0.375 0.583333 0
vt 0.416667 0.583333 0
vt 0.458333 0.583333 0
vt 0.5 0.583333 0
vt 0.541667 0.583333 0
vt 0.583333 0.583333 0
vt 0.625 0.583333 0
vt 0.666667 0.583333 0
vt 0.708333 0.583333 0
vt 0.75 0.583333 0
vt 0.791667 0.583333 0
vt 0.833333 0.583333 0
vt 0.875 0.583333 0
vt 0.916667 0.583333 0
vt 0.958333 0.583333 0
vt 1 0.666667 0
vt 0 0.666667 0
vt 0.041667 0.666667 0
vt 0.083333 0.666667 0
vt 0.125 0.666667 0
vt 0.166667 0.666667 0
vt 0.208333 0.666667 0
vt 0.25 0.666667 0
vt 0.291667 0.666667 0
vt 0.333333 0.666667 0
vt 0.375 0.666667 0
vt 0.416667 0.666667 0
vt 0.458333 0.666667 0
vt 0.5 0.666667 0
vt 0.541667 0.666667 0
vt 0.583333 0.666667 0
vt 0.625 0.666667 0
vt 0.666667 0.666667 0
vt 0.708333 0.666667 0
vt 0.75 0.666667 0
vt 0.791667 0.666667 0
vt 0.833333 0.666667 0
vt 0.875 0.666667 0
vt 0.916667 0.666667 0
vt 0.958333 0.666667 0
vt 1 0.75 0
vt 0 0.75 0
vt 0.041667 0.75 0
vt 0.083333 0.75 0
vt 0.125 0.75 0
vt 0.166667 0.75 0
vt 0.208333 0.75 0
vt 0.25 0.75 0
vt 0.291667 0.75 0
vt 0.333333 0.75 0
vt 0.375 0.75 0
vt 0.416667 0.75 0
vt 0.458333 0.75 0
vt 0.5 0.75 0
vt 0.541667 0.75 0
vt 0.583333 0.75 0
vt 0.625 0.75 0
vt 0.666667 0.75 0
vt 0.708333 0.75 0
vt 0.75 0.75 0
vt 0.791667 0.75 0
vt 0.833333 0.75 0
vt 0.875 0.75 0
vt 0.916667 0.75 0
vt 0.958333 0.75 0
vt 1 0.833333 0
vt 0 0.833333 0
vt 0.041667 0.833333 0
vt 0.083333 0.833333 0
vt 0.125 0.833333 0
vt 0.166667 0.833333 0
vt 0.208333 0.833333 0
vt 0.25 0.833333 0
vt 0.291667 0.833333 0
vt 0.333333 0.833333 0
vt 0.375 0.833333 0
vt 0.416667 0.833333 0
vt 0.458333 0.833333 0
vt 0.5 0.833333 0
vt 0.541667 0.833333 0
vt 0.583333 0.833333 0
vt 0.625 0.833333 0
vt 0.666667 0.833333 0
vt 0.708333 0.833333 0
vt 0.75 0.833333 0
vt 0.791667 0.833333 0
vt 0.833333 0.833333 0
vt 0.875 0.833333 0
vt 0.916667 0.833333 0
vt 0.958333 0.833333 0
vt 1 0.916667 0
vt 0 0.916667 0
vt 0.041667 0.916667 0
vt 0.083333 0.916667 0
vt 0.125 0.916667 0
vt 0.166667 0.916667 0
vt 0.208333 0.916667 0
vt 0.25 0.916667 0
vt 0.291667 0.916667 0
vt 0.333333 0.916667 0
vt 0.375 0.916667 0
vt 0.416667 0.916667 0
vt 0.458333 0.916667 0
vt 0.5 0.916667 0
vt 0.541667 0.916667 0
vt 0.583333 0.916667 0
vt 0.625 0.916667 0
vt 0.666667 0.916667 0
vt 0.708333 0.916667 0
vt 0.75 0.916667 0
vt 0.791667 0.916667 0
vt 0.833333 0.916667 0
vt 0.875 0.916667 0
vt 0.916667 0.916667 0
vt 0.958333 0.916667 0

f 1875/2229 1899/2254 1898/2253 1874/2228 
f 1876/2230 1900/2255 1899/2254 1875/2229 
f 1877/2231 1901/2256 1900/2255 1876/2230 
f 1878/2232 1902/2257 1901/2256 1877/2231 
f 1879/2233 1903/2258 1902/2257 1878/2232 
f 1880/2234 1904/2259 1903/2258 1879/2233 
f 1881/2235 1905/2260 1904/2259 1880/2234 
f 1882/2236 1906/2261 1905/2260 1881/2235 
f 1883/2237 1907/2262 1906/2261 1882/2236 
f 1884/2238 1908/2263 1907/2262 1883/2237 
f 1885/2239 1909/2264 1908/2263 1884/2238 
f 1886/2240 1910/2265 1909/2264 1885/2239 
f 1887/2241 1911/2266 1910/2265 1886/2240 
f 1888/2242 1912/2267 1911/2266 1887/2241 
f 1889/2243 1913/2268 1912/2267 1888/2242 
f 1890/2244 1914/2269 1913/2268 1889/2243 
f 1891/2245 1915/2270 1914/2269 1890/2244 
f 1892/2246 1916/2271 1915/2270 1891/2245 
f 1893/2247 1917/2272 1916/2271 1892/2246 
f 1894/2248 1918/2273 1917/2272 1893/2247 
f 1895/2249 1919/2274 1918/2273 1894/2248 
f 1896/2250 1920/2275 1919/2274 1895/2249 
f 1897/2251 1921/2276 1920/2275 1896/2250 
f 1874/2227 1898/2252 1921/2276 1897/2251 
f 1899/2254 1923/2279 1922/2278 1898/2253 
f 1900/2255 1924/2280 1923/2279 1899/2254 
f 1901/2256 1925/2281 1924/2280 1900/2255 
f 1902/2257 1926/2282 1925/2281 1901/2256 
f 1903/2258 1927/2283 1926/2282 1902/2257 
f 1904/2259 1928/2284 1927/2283 1903/2258 
f 1905/2260 1929/2285 1928/2284 1904/2259 
f 1906/2261 1930/2286 1929/2285 1905/2260 
f 1907/2262 1931/2287 1930/2286 1906/2261 
f 1908/2263 1932/2288 1931/2287 1907/2262 
f 1909/2264 1933/2289 1932/2288 1908/2263 
f 1910/2265 1934/2290 1933/2289 1909/2264 
f 1911/2266 1935/2291 1934/2290 1910/2265 
f 1912/2267 1936/2292 1935/2291 1911/2266 
f 1913/2268 1937/2293 1936/2292 1912/2267 
f 1914/2269 1938/2294 1937/2293 1913/2268 
f 1915/2270 1939/2295 1938/2294 1914/2269 
f 1916/2271 1940/2296 1939/2295 1915/2270 
f 1917/2272 1941/2297 1940/2296 1916/2271 
f 1918/2273 1942/2298 1941/2297 1917/2272 
f 1919/2274 1943/2299 1942/2298 1918/2273 
f 1920/2275 1944/2300 1943/2299 1919/2274 
f 1921/2276 1945/2301 1944/2300 1920/2275 
f 1898/2252 1922/2277 1945/2301 1921/2276 
f 1923/2279 1947/2304 1946/2303 1922/2278 
f 1924/2280 1948/2305 1947/2304 1923/2279 
f 1925/2281 1949/2306 1948/2305 1924/2280 
f 1926/2282 1950/2307 1949/2306 1925/2281 
f 1927/2283 1951/2308 1950/2307 1926/2282 
f 1928/2284 1952/2309 1951/2308 1927/2283 
f 1929/2285 1953/2310 1952/2309 1928/2284 
f 1930/2286 1954/2311 1953/2310 1929/2285 
f 1931/2287 1955/2312 1954/2311 1930/2286 
f 1932/2288 1956/2313 1955/2312 1931/2287 
f 1933/2289 1957/2314 1956/2313 1932/2288 
f 1934/2290 1958/2315 1957/2314 1933/2289 
f 1935/2291 1959/2316 1958/2315 1934/2290 
f 1936/2292 1960/2317 1959/2316 1935/2291 
f 1937/2293 1961/2318 1960/2317 1936/2292 
f 1938/2294 1962/2319 1961/2318 1937/2293 
f 1939/2295 1963/2320 1962/2319 1938/2294 
f 1940/2296 1964/2321 1963/2320 1939/2295 
f 1941/2297 1965/2322 1964/2321 1940/2296 
f 1942/2298 1966/2323 1965/2322 1941/2297 
f 1943/2299 1967/2324 1966/2323 1942/2298 
f 1944/2300 1968/2325 1967/2324 1943/2299 
f 1945/2301 1969/2326 1968/2325 1944/2300 
f 1922/2277 1946/2302 1969/2326 1945/2301 
f 1947/2304 1971/2329 1970/2328 1946/2303 
f 1948/2305 1972/2330 1971/2329 1947/2304 
f 1949/2306 1973/2331 1972/2330 1948/2305 
f 1950/2307 1974/2332 1973/2331 1949/2306 
f 1951/2308 1975/2333 1974/2332 1950/2307 
f 1952/2309 1976/2334 1975/2333 1951/2308 
f 1953/2310 1977/2335 1976/2334 1952/2309 
f 1954/2311 1978/2336 1977/2335 1953/2310 
f 1955/2312 1979/2337 1978/2336 1954/2311 
f 1956/2313 1980/2338 1979/2337 1955/2312 
f 1957/2314 1981/2339 1980/2338 1956/2313 
f 1958/2315 1982/2340 1981/2339 1957/2314 
f 1959/2316 1983/2341 1982/2340 1958/2315 
f 1960/2317 1984/2342 1983/2341 1959/2316 
f 1961/2318 1985/2343 1984/2342 1960/2317 
f 1962/2319 1986/2344 1985/2343 1961/2318 
f 1963/2320 1987/2345 1986/2344 1962/2319 
f 1964/2321 1988/2346 1987/2345 1963/2320 
f 1965/2322 1989/2347 1988/2346 1964/2321 
f 1966/2323 1990/2348 1989/2347 1965/2322 
f 1967/2324 1991/2349 1990/2348 1966/2323 
f 1968/2325 1992/2350 1991/2349 1967/2324 
f 1969/2326 1993/2351 1992/2350 1968/2325 
f 1946/2302 1970/2327 1993/2351 1969/2326 
f 1971/2329 1995/2354 1994/2353 1970/2328 
f 1972/2330 1996/2355 1995/2354 1971/2329 
f 1973/2331 1997/2356 1996/2355 1972/2330 
f 1974/2332 1998/2357 1997/2356 1973/2331 
f 1975/2333 1999/2358 1998/2357 1974/2332 
f 1976/2334 2000/2359 1999/2358 1975/2333 
f 1977/2335 2001/2360 2000/2359 1976/2334 
f 1978/2336 2002/2361 2001/2360 1977/2335 
f 1979/2337 2003/2362 2002/2361 1978/2336 
f 1980/2338 2004/2363 2003/2362 1979/2337 
f 1981/2339 2005/2364 2004/2363 1980/2338 
f 1982/2340 2006/2365 2005/2364 1981/2339 
f 1983/2341 2007/2366 2006/2365 1982/2340 
f 1984/2342 2008/2367 2007/2366 1983/2341 
f 1985/2343 2009/2368 2008/2367 1984/2342 
f 1986/2344 2010/2369 2009/2368 1985/2343 
f 1987/2345 2011/2370 2010/2369 1986/2344 
f 1988/2346 2012/2371 2011/2370 1987/2345 
f 1989/2347 2013/2372 2012/2371 1988/2346 
f 1990/2348 2014/2373 2013/2372 1989/2347 
f 1991/2349 2015/2374 2014/2373 1990/2348 
f 1992/2350 2016/2375 2015/2374 1991/2349 
f 1993/2351 2017/2376 2016/2375 1992/2350 
f 1970/2327 1994/2352 2017/2376 1993/2351 
f 1995/2354 2019/2379 2018/2378 1994/2353 
f 1996/2355 2020/2380 2019/2379 1995/2354 
f 1997/2356 2021/2381 2020/2380 1996/2355 
f 1998/2357 2022/2382 2021/2381 1997/2356 
f 1999/2358 2023/2383 2022/2382 1998/2357 
f 2000/2359 2024/2384 2023/2383 1999/2358 
f 2001/2360 2025/2385 2024/2384 2000/2359 
f 2002/2361 2026/2386 2025/2385 2001/2360 
f 2003/2362 2027/2387 2026/2386 2002/2361 
f 2004/2363 2028/2388 2027/2387 2003/2362 
f 2005/2364 2029/2389 2028/2388 2004/2363 
f 2006/2365 2030/2390 2029/2389 2005/2364 
f 2007/2366 2031/2391 2030/2390 2006/2365 
f 2008/2367 2032/2392 2031/2391 2007/2366 
f 2009/2368 2033/2393 2032/2392 2008/2367 
f 2010/2369 2034/2394 2033/2393 2009/2368 
f 2011/2370 2035/2395 2034/2394 2010/2369 
f 2012/2371 2036/2396 2035/2395 2011/2370 
f 2013/2372 2037/2397 2036/2396 2012/2371 
f 2014/2373 2038/2398 2037/2397 2013/2372 
f 2015/2374 2039/2399 2038/2398 2014/2373 
f 2016/2375 2040/2400 2039/2399 2015/2374 
f 2017/2376 2041/2401 2040/2400 2016/2375 
f 1994/2352 2018/2377 2041/2401 2017/2376 
f 2019/2379 2043/2404 2042/2403 2018/2378 
f 2020/2380 2044/2405 2043/2404 2019/2379 
f 2021/2381 2045/2406 2044/2405 2020/2380 
f 2022/2382 2046/2407 2045/2406 2021/2381 
f 2023/2383 2047/2408 2046/2407 2022/2382 
f 2024/2384 2048/2409 2047/2408 2023/2383 
f 2025/2385 2049/2410 2048/2409 2024/2384 
f 2026/2386 2050/2411 2049/2410 2025/2385 
f 2027/2387 2051/2412 2050/2411 2026/2386 
f 2028/2388 2052/2413 2051/2412 2027/2387 
f 2029/2389 2053/2414 2052/2413 2028/2388 
f 2030/2390 2054/2415 2053/2414 2029/2389 
f 2031/2391 2055/2416 2054/2415 2030/2390 
f 2032/2392 2056/2417 2055/2416 2031/2391 
f 2033/2393 2057/2418 2056/2417 2032/2392 
f 2034/2394 2058/2419 2057/2418 2033/2393 
f 2035/2395 2059/2420 2058/2419 2034/2394 
f 2036/2396 2060/2421 2059/2420 2035/2395 
f 2037/2397 2061/2422 2060/2421 2036/2396 
f 2038/2398 2062/2423 2061/2422 2037/2397 
f 2039/2399 2063/2424 2062/2423 2038/2398 
f 2040/2400 2064/2425 2063/2424 2039/2399 
f 2041/2401 2065/2426 2064/2425 2040/2400 
f 2018/2377 2042/2402 2065/2426 2041/2401 
f 2043/2404 2067/2429 2066/2428 2042/2403 
f 2044/2405 2068/2430 2067/2429 2043/2404 
f 2045/2406 2069/2431 2068/2430 2044/2405 
f 2046/2407 2070/2432 2069/2431 2045/2406 
f 2047/2408 2071/2433 2070/2432 2046/2407 
f 2048/2409 2072/2434 2071/2433 2047/2408 
f 2049/2410 2073/2435 2072/2434 2048/2409 
f 2050/2411 2074/2436 2073/2435 2049/2410 
f 2051/2412 2075/2437 2074/2436 2050/2411 
f 2052/2413 2076/2438 2075/2437 2051/2412 
f 2053/2414 2077/2439 2076/2438 2052/2413 
f 2054/2415 2078/2440 2077/2439 2053/2414 
f 2055/2416 2079/2441 2078/2440 2054/2415 
f 2056/2417 2080/2442 2079/2441 2055/2416 
f 2057/2418 2081/2443 2080/2442 2056/2417 
f 2058/2419 2082/2444 2081/2443 2057/2418 
f 2059/2420 2083/2445 2082/2444 2058/2419 
f 2060/2421 2084/2446 2083/2445 2059/2420 
f 2061/2422 2085/2447 2084/2446 2060/2421 
f 2062/2423 2086/2448 2085/2447 2061/2422 
f 2063/2424 2087/2449 2086/2448 2062/2423 
f 2064/2425 2088/2450 2087/2449 2063/2424 
f 2065/2426 2089/2451 2088/2450 2064/2425 
f 2042/2402 2066/2427 2089/2451 2065/2426 
f 2067/2429 2091/2454 2090/2453 2066/2428 
f 2068/2430 2092/2455 2091/2454 2067/2429 
f 2069/2431 2093/2456 2092/2455 2068/2430 
f 2070/2432 2094/2457 2093/2456 2069/2431 
f 2071/2433 2095/2458 2094/2457 2070/2432 
f 2072/2434 2096/2459 2095/2458 2071/2433 
f 2073/2435 2097/2460 2096/2459 2072/2434 
f 2074/2436 2098/2461 2097/2460 2073/2435 
f 2075/2437 2099/2462 2098/2461 2074/2436 
f 2076/2438 2100/2463 2099/2462 2075/2437 
f 2077/2439 2101/2464 2100/2463 2076/2438 
f 2078/2440 2102/2465 2101/2464 2077/2439 
f 2079/2441 2103/2466 2102/2465 2078/2440 
f 2080/2442 2104/2467 2103/2466 2079/2441 
f 2081/2443 2105/2468 2104/2467 2080/2442 
f 2082/2444 2106/2469 2105/2468 2081/2443 
f 2083/2445 2107/2470 2106/2469 2082/2444 
f 2084/2446 2108/2471 2107/2470 2083/2445 
f 2085/2447 2109/2472 2108/2471 2084/2446 
f 2086/2448 2110/2473 2109/2472 2085/2447 
f 2087/2449 2111/2474 2110/2473 2086/2448 
f 2088/2450 2112/2475 2111/2474 2087/2449 
f 2089/2451 2113/2476 2112/2475 2088/2450 
f 2066/2427 2090/2452 2113/2476 2089/2451 
f 2091/2454 2115/2479 2114/2478 2090/2453 
f 2092/2455 2116/2480 2115/2479 2091/2454 
f 2093/2456 2117/2481 2116/2480 2092/2455 
f 2094/2457 2118/2482 2117/2481 2093/2456 
f 2095/2458 2119/2483 2118/2482 2094/2457 
f 2096/2459 2120/2484 2119/2483 2095/2458 
f 2097/2460 2121/2485 2120/2484 2096/2459 
f 2098/2461 2122/2486 2121/2485 2097/2460 
f 2099/2462 2123/2487 2122/2486 2098/2461 
f 2100/2463 2124/2488 2123/2487 2099/2462 
f 2101/2464 2125/2489 2124/2488 2100/2463 
f 2102/2465 2126/2490 2125/2489 2101/2464 
f 2103/2466 2127/2491 2126/2490 2102/2465 
f 2104/2467 2128/2492 2127/2491 2103/2466 
f 2105/2468 2129/2493 2128/2492 2104/2467 
f 2106/2469 2130/2494 2129/2493 2105/2468 
f 2107/2470 2131/2495 2130/2494 2106/2469 
f 2108/2471 2132/2496 2131/2495 2107/2470 
f 2109/2472 2133/2497 2132/2496 2108/2471 
f 2110/2473 2134/2498 2133/2497 2109/2472 
f 2111/2474 2135/2499 2134/2498 2110/2473 
f 2112/2475 2136/2500 2135/2499 2111/2474 
f 2113/2476 2137/2501 2136/2500 2112/2475 
f 2090/2452 2114/2477 2137/2501 2113/2476 
f 1875/2229 1874/2228 1872/2202 
f 1873/2226 2114/2478 2115/2479 
f 1876/2230 1875/2229 1872/2201 
f 1873/2225 2115/2479 2116/2480 
f 1877/2231 1876/2230 1872/2200 
f 1873/2224 2116/2480 2117/2481 
f 1878/2232 1877/2231 1872/2199 
f 1873/2223 2117/2481 2118/2482 
f 1879/2233 1878/2232 1872/2198 
f 1873/2222 2118/2482 2119/2483 
f 1880/2234 1879/2233 1872/2197 
f 1873/2221 2119/2483 2120/2484 
f 1881/2235 1880/2234 1872/2196 
f 1873/2220 2120/2484 2121/2485 
f 1882/2236 1881/2235 1872/2195 
f 1873/2219 2121/2485 2122/2486 
f 1883/2237 1882/2236 1872/2194 
f 1873/2218 2122/2486 2123/2487 
f 1884/2238 1883/2237 1872/2193 
f 1873/2217 2123/2487 2124/2488 
f 1885/2239 1884/2238 1872/2192 
f 1873/2216 2124/2488 2125/2489 
f 1886/2240 1885/2239 1872/2191 
f 1873/2215 2125/2489 2126/2490 
f 1887/2241 1886/2240 1872/2190 
f 1873/2214 2126/2490 2127/2491 
f 1888/2242 1887/2241 1872/2189 
f 1873/2213 2127/2491 2128/2492 
f 1889/2243 1888/2242 1872/2188 
f 1873/2212 2128/2492 2129/2493 
f 1890/2244 1889/2243 1872/2187 
f 1873/2211 2129/2493 2130/2494 
f 1891/2245 1890/2244 1872/2186 
f 1873/2210 2130/2494 2131/2495 
f 1892/2246 1891/2245 1872/2185 
f 1873/2209 2131/2495 2132/2496 
f 1893/2247 1892/2246 1872/2184 
f 1873/2208 2132/2496 2133/2497 
f 1894/2248 1893/2247 1872/2183 
f 1873/2207 2133/2497 2134/2498 
f 1895/2249 1894/2248 1872/2182 
f 1873/2206 2134/2498 2135/2499 
f 1896/2250 1895/2249 1872/2181 
f 1873/2205 2135/2499 2136/2500 
f 1897/2251 1896/2250 1872/2180 
f 1873/2204 2136/2500 2137/2501 
f 1874/2227 1897/2251 1872/2179 
f 1873/2203 2137/2501 2114/2477 

g Neutre Disque
usemtl Mat_1
v -0.559601 1.247198 -1.137954
v 0.07886 1.247198 -1.137954
v -0.080755 1.247198 -1.137954
v -0.240371 1.247198 -1.137954
v -0.399986 1.247198 -1.137954
v 0.06916 1.247198 -1.248822
v -0.08803 1.247198 -1.221105
v -0.24522 1.247198 -1.193388
v -0.402411 1.247198 -1.165671
v 0.040356 1.247198 -1.356321
v -0.109633 1.247198 -1.301729
v -0.259623 1.247198 -1.247137
v -0.409612 1.247198 -1.192546
v -0.006678 1.247198 -1.457185
v -0.144908 1.247198 -1.377377
v -0.283139 1.247198 -1.297569
v -0.42137 1.247198 -1.217762
v -0.070511 1.247198 -1.548349
v -0.192784 1.247198 -1.44575
v -0.315056 1.247198 -1.343152
v -0.437329 1.247198 -1.240553
v -0.149206 1.247198 -1.627044
v -0.251805 1.247198 -1.504772
v -0.354404 1.247198 -1.382499
v -0.457003 1.247198 -1.260227
v -0.240371 1.247198 -1.690878
v -0.320178 1.247198 -1.552647
v -0.399986 1.247198 -1.414416
v -0.479794 1.247198 -1.276185
v -0.341235 1.247198 -1.737912
v -0.395826 1.247198 -1.587922
v -0.450418 1.247198 -1.437933
v -0.50501 1.247198 -1.287944
v -0.448734 1.247198 -1.766716
v -0.476451 1.247198 -1.609526
v -0.504168 1.247198 -1.452335
v -0.531884 1.247198 -1.295145
v -0.559601 1.247198 -1.776416
v -0.559601 1.247198 -1.6168
v -0.559601 1.247198 -1.457185
v -0.559601 1.247198 -1.297569
v -0.670469 1.247198 -1.766716
v -0.642752 1.247198 -1.609526
v -0.615035 1.247198 -1.452335
v -0.587318 1.247198 -1.295145
v -0.777968 1.247198 -1.737912
v -0.723376 1.247198 -1.587922
v -0.668785 1.247198 -1.437933
v -0.614193 1.247198 -1.287944
v -0.878832 1.247198 -1.690878
v -0.799024 1.247198 -1.552647
v -0.719217 1.247198 -1.414416
v -0.639409 1.247198 -1.276185
v -0.969997 1.247198 -1.627044
v -0.867398 1.247198 -1.504772
v -0.764799 1.247198 -1.382499
v -0.6622 1.247198 -1.260227
v -1.048691 1.247198 -1.548349
v -0.926419 1.247198 -1.44575
v -0.804146 1.247198 -1.343152
v -0.681874 1.247198 -1.240553
v -1.112525 1.247198 -1.457185
v -0.974294 1.247198 -1.377377
v -0.836063 1.247198 -1.297569
v -0.697832 1.247198 -1.217762
v -1.159559 1.247198 -1.356321
v -1.00957 1.247198 -1.301729
v -0.85958 1.247198 -1.247137
v -0.709591 1.247198 -1.192546
v -1.188363 1.247198 -1.248822
v -1.031173 1.247198 -1.221105
v -0.873982 1.247198 -1.193388
v -0.716792 1.247198 -1.165671
v -1.198063 1.247198 -1.137954
v -1.038448 1.247198 -1.137954
v -0.878832 1.247198 -1.137954
v -0.719217 1.247198 -1.137954
v -1.188363 1.247198 -1.027086
v -1.031173 1.247198 -1.054803
v -0.873982 1.247198 -1.08252
v -0.716792 1.247198 -1.110237
v -1.159559 1.247198 -0.919587
v -1.00957 1.247198 -0.974179
v -0.85958 1.247198 -1.028771
v -0.709591 1.247198 -1.083362
v -1.112525 1.247198 -0.818723
v -0.974294 1.247198 -0.898531
v -0.836063 1.247198 -0.978339
v -0.697832 1.247198 -1.058146
v -1.048691 1.247198 -0.727559
v -0.926419 1.247198 -0.830158
v -0.804146 1.247198 -0.932757
v -0.681874 1.247198 -1.035355
v -0.969997 1.247198 -0.648864
v -0.867398 1.247198 -0.771137
v -0.764799 1.247198 -0.893409
v -0.6622 1.247198 -1.015682
v -0.878832 1.247198 -0.58503
v -0.799024 1.247198 -0.723261
v -0.719217 1.247198 -0.861492
v -0.639409 1.247198 -0.999723
v -0.777968 1.247198 -0.537997
v -0.723376 1.247198 -0.687986
v -0.668785 1.247198 -0.837975
v -0.614193 1.247198 -0.987965
v -0.670469 1.247198 -0.509192
v -0.642752 1.247198 -0.666383
v -0.615035 1.247198 -0.823573
v -0.587318 1.247198 -0.980764
v -0.559601 1.247198 -0.499493
v -0.559601 1.247198 -0.659108
v -0.559601 1.247198 -0.818723
v -0.559601 1.247198 -0.978339
v -0.448734 1.247198 -0.509192
v -0.476451 1.247198 -0.666383
v -0.504168 1.247198 -0.823573
v -0.531884 1.247198 -0.980764
v -0.341235 1.247198 -0.537997
v -0.395826 1.247198 -0.687986
v -0.450418 1.247198 -0.837975
v -0.50501 1.247198 -0.987965
v -0.240371 1.247198 -0.58503
v -0.320178 1.247198 -0.723261
v -0.399986 1.247198 -0.861492
v -0.479794 1.247198 -0.999723
v -0.149206 1.247198 -0.648864
v -0.251805 1.247198 -0.771137
v -0.354404 1.247198 -0.893409
v -0.457003 1.247198 -1.015682
v -0.070511 1.247198 -0.727559
v -0.192784 1.247198 -0.830158
v -0.315056 1.247198 -0.932757
v -0.437329 1.247198 -1.035355
v -0.006678 1.247198 -0.818723
v -0.144908 1.247198 -0.898531
v -0.283139 1.247198 -0.978339
v -0.42137 1.247198 -1.058146
v 0.040356 1.247198 -0.919587
v -0.109633 1.247198 -0.974179
v -0.259623 1.247198 -1.028771
v -0.409612 1.247198 -1.083362
v 0.06916 1.247198 -1.027086
v -0.08803 1.247198 -1.054803
v -0.24522 1.247198 -1.08252
v -0.402411 1.247198 -1.110237

vt 0.5 0.5 0
vt 1 0.5 0
vt 0.875 0.5 0
vt 0.75 0.5 0
vt 0.625 0.5 0
vt 0.992404 0.586824 0
vt 0.869303 0.565118 0
vt 0.746202 0.543412 0
vt 0.623101 0.521706 0
vt 0.969846 0.67101 0
vt 0.852385 0.628258 0
vt 0.734923 0.585505 0
vt 0.617462 0.542753 0
vt 0.933013 0.75 0
vt 0.82476 0.6875 0
vt 0.716506 0.625 0
vt 0.608253 0.5625 0
vt 0.883022 0.821394 0
vt 0.787267 0.741045 0
vt 0.691511 0.660697 0
vt 0.595756 0.580348 0
vt 0.821394 0.883022 0
vt 0.741045 0.787267 0
vt 0.660697 0.691511 0
vt 0.580348 0.595756 0
vt 0.75 0.933013 0
vt 0.6875 0.82476 0
vt 0.625 0.716506 0
vt 0.5625 0.608253 0
vt 0.67101 0.969846 0
vt 0.628258 0.852385 0
vt 0.585505 0.734923 0
vt 0.542753 0.617462 0
vt 0.586824 0.992404 0
vt 0.565118 0.869303 0
vt 0.543412 0.746202 0
vt 0.521706 0.623101 0
vt 0.5 1 0
vt 0.5 0.875 0
vt 0.5 0.75 0
vt 0.5 0.625 0
vt 0.413176 0.992404 0
vt 0.434882 0.869303 0
vt 0.456588 0.746202 0
vt 0.478294 0.623101 0
vt 0.32899 0.969846 0
vt 0.371742 0.852385 0
vt 0.414495 0.734923 0
vt 0.457247 0.617462 0
vt 0.25 0.933013 0
vt 0.3125 0.82476 0
vt 0.375 0.716506 0
vt 0.4375 0.608253 0
vt 0.178606 0.883022 0
vt 0.258955 0.787267 0
vt 0.339303 0.691511 0
vt 0.419652 0.595756 0
vt 0.116978 0.821394 0
vt 0.212733 0.741045 0
vt 0.308489 0.660697 0
vt 0.404244 0.580348 0
vt 0.066987 0.75 0
vt 0.17524 0.6875 0
vt 0.283494 0.625 0
vt 0.391747 0.5625 0
vt 0.030154 0.67101 0
vt 0.147615 0.628258 0
vt 0.265077 0.585505 0
vt 0.382538 0.542753 0
vt 0.007596 0.586824 0
vt 0.130697 0.565118 0
vt 0.253798 0.543412 0
vt 0.376899 0.521706 0
vt 0 0.5 0
vt 0.125 0.5 0
vt 0.25 0.5 0
vt 0.375 0.5 0
vt 0.007596 0.413176 0
vt 0.130697 0.434882 0
vt 0.253798 0.456588 0
vt 0.376899 0.478294 0
vt 0.030154 0.32899 0
vt 0.147615 0.371742 0
vt 0.265077 0.414495 0
vt 0.382538 0.457247 0
vt 0.066987 0.25 0
vt 0.17524 0.3125 0
vt 0.283494 0.375 0
vt 0.391747 0.4375 0
vt 0.116978 0.178606 0
vt 0.212733 0.258955 0
vt 0.308489 0.339303 0
vt 0.404244 0.419652 0
vt 0.178606 0.116978 0
vt 0.258955 0.212733 0
vt 0.339303 0.308489 0
vt 0.419652 0.404244 0
vt 0.25 0.066987 0
vt 0.3125 0.175241 0
vt 0.375 0.283494 0
vt 0.4375 0.391747 0
vt 0.32899 0.030154 0
vt 0.371742 0.147615 0
vt 0.414495 0.265077 0
vt 0.457247 0.382538 0
vt 0.413176 0.007596 0
vt 0.434882 0.130697 0
vt 0.456588 0.253798 0
vt 0.478294 0.376899 0
vt 0.5 0 0
vt 0.5 0.125 0
vt 0.5 0.25 0
vt 0.5 0.375 0
vt 0.586824 0.007596 0
vt 0.565118 0.130697 0
vt 0.543412 0.253798 0
vt 0.521706 0.376899 0
vt 0.67101 0.030154 0
vt 0.628258 0.147615 0
vt 0.585505 0.265077 0
vt 0.542753 0.382538 0
vt 0.75 0.066987 0
vt 0.6875 0.175241 0
vt 0.625 0.283494 0
vt 0.5625 0.391747 0
vt 0.821394 0.116978 0
vt 0.741045 0.212733 0
vt 0.660697 0.308489 0
vt 0.580348 0.404244 0
vt 0.883022 0.178606 0
vt 0.787267 0.258955 0
vt 0.691511 0.339303 0
vt 0.595756 0.419652 0
vt 0.933013 0.25 0
vt 0.82476 0.3125 0
vt 0.716506 0.375 0
vt 0.608253 0.4375 0
vt 0.969846 0.32899 0
vt 0.852385 0.371742 0
vt 0.734923 0.414495 0
vt 0.617462 0.457247 0
vt 0.992404 0.413176 0
vt 0.869303 0.434882 0
vt 0.746202 0.456588 0
vt 0.623101 0.478294 0

f 2143/2507 2144/2508 2140/2504 2139/2503 
f 2144/2508 2145/2509 2141/2505 2140/2504 
f 2145/2509 2146/2510 2142/2506 2141/2505 
f 2146/2510 2138/2502 2142/2506 
f 2147/2511 2148/2512 2144/2508 2143/2507 
f 2148/2512 2149/2513 2145/2509 2144/2508 
f 2149/2513 2150/2514 2146/2510 2145/2509 
f 2150/2514 2138/2502 2146/2510 
f 2151/2515 2152/2516 2148/2512 2147/2511 
f 2152/2516 2153/2517 2149/2513 2148/2512 
f 2153/2517 2154/2518 2150/2514 2149/2513 
f 2154/2518 2138/2502 2150/2514 
f 2155/2519 2156/2520 2152/2516 2151/2515 
f 2156/2520 2157/2521 2153/2517 2152/2516 
f 2157/2521 2158/2522 2154/2518 2153/2517 
f 2158/2522 2138/2502 2154/2518 
f 2159/2523 2160/2524 2156/2520 2155/2519 
f 2160/2524 2161/2525 2157/2521 2156/2520 
f 2161/2525 2162/2526 2158/2522 2157/2521 
f 2162/2526 2138/2502 2158/2522 
f 2163/2527 2164/2528 2160/2524 2159/2523 
f 2164/2528 2165/2529 2161/2525 2160/2524 
f 2165/2529 2166/2530 2162/2526 2161/2525 
f 2166/2530 2138/2502 2162/2526 
f 2167/2531 2168/2532 2164/2528 2163/2527 
f 2168/2532 2169/2533 2165/2529 2164/2528 
f 2169/2533 2170/2534 2166/2530 2165/2529 
f 2170/2534 2138/2502 2166/2530 
f 2171/2535 2172/2536 2168/2532 2167/2531 
f 2172/2536 2173/2537 2169/2533 2168/2532 
f 2173/2537 2174/2538 2170/2534 2169/2533 
f 2174/2538 2138/2502 2170/2534 
f 2175/2539 2176/2540 2172/2536 2171/2535 
f 2176/2540 2177/2541 2173/2537 2172/2536 
f 2177/2541 2178/2542 2174/2538 2173/2537 
f 2178/2542 2138/2502 2174/2538 
f 2179/2543 2180/2544 2176/2540 2175/2539 
f 2180/2544 2181/2545 2177/2541 2176/2540 
f 2181/2545 2182/2546 2178/2542 2177/2541 
f 2182/2546 2138/2502 2178/2542 
f 2183/2547 2184/2548 2180/2544 2179/2543 
f 2184/2548 2185/2549 2181/2545 2180/2544 
f 2185/2549 2186/2550 2182/2546 2181/2545 
f 2186/2550 2138/2502 2182/2546 
f 2187/2551 2188/2552 2184/2548 2183/2547 
f 2188/2552 2189/2553 2185/2549 2184/2548 
f 2189/2553 2190/2554 2186/2550 2185/2549 
f 2190/2554 2138/2502 2186/2550 
f 2191/2555 2192/2556 2188/2552 2187/2551 
f 2192/2556 2193/2557 2189/2553 2188/2552 
f 2193/2557 2194/2558 2190/2554 2189/2553 
f 2194/2558 2138/2502 2190/2554 
f 2195/2559 2196/2560 2192/2556 2191/2555 
f 2196/2560 2197/2561 2193/2557 2192/2556 
f 2197/2561 2198/2562 2194/2558 2193/2557 
f 2198/2562 2138/2502 2194/2558 
f 2199/2563 2200/2564 2196/2560 2195/2559 
f 2200/2564 2201/2565 2197/2561 2196/2560 
f 2201/2565 2202/2566 2198/2562 2197/2561 
f 2202/2566 2138/2502 2198/2562 
f 2203/2567 2204/2568 2200/2564 2199/2563 
f 2204/2568 2205/2569 2201/2565 2200/2564 
f 2205/2569 2206/2570 2202/2566 2201/2565 
f 2206/2570 2138/2502 2202/2566 
f 2207/2571 2208/2572 2204/2568 2203/2567 
f 2208/2572 2209/2573 2205/2569 2204/2568 
f 2209/2573 2210/2574 2206/2570 2205/2569 
f 2210/2574 2138/2502 2206/2570 
f 2211/2575 2212/2576 2208/2572 2207/2571 
f 2212/2576 2213/2577 2209/2573 2208/2572 
f 2213/2577 2214/2578 2210/2574 2209/2573 
f 2214/2578 2138/2502 2210/2574 
f 2215/2579 2216/2580 2212/2576 2211/2575 
f 2216/2580 2217/2581 2213/2577 2212/2576 
f 2217/2581 2218/2582 2214/2578 2213/2577 
f 2218/2582 2138/2502 2214/2578 
f 2219/2583 2220/2584 2216/2580 2215/2579 
f 2220/2584 2221/2585 2217/2581 2216/2580 
f 2221/2585 2222/2586 2218/2582 2217/2581 
f 2222/2586 2138/2502 2218/2582 
f 2223/2587 2224/2588 2220/2584 2219/2583 
f 2224/2588 2225/2589 2221/2585 2220/2584 
f 2225/2589 2226/2590 2222/2586 2221/2585 
f 2226/2590 2138/2502 2222/2586 
f 2227/2591 2228/2592 2224/2588 2223/2587 
f 2228/2592 2229/2593 2225/2589 2224/2588 
f 2229/2593 2230/2594 2226/2590 2225/2589 
f 2230/2594 2138/2502 2226/2590 
f 2231/2595 2232/2596 2228/2592 2227/2591 
f 2232/2596 2233/2597 2229/2593 2228/2592 
f 2233/2597 2234/2598 2230/2594 2229/2593 
f 2234/2598 2138/2502 2230/2594 
f 2235/2599 2236/2600 2232/2596 2231/2595 
f 2236/2600 2237/2601 2233/2597 2232/2596 
f 2237/2601 2238/2602 2234/2598 2233/2597 
f 2238/2602 2138/2502 2234/2598 
f 2239/2603 2240/2604 2236/2600 2235/2599 
f 2240/2604 2241/2605 2237/2601 2236/2600 
f 2241/2605 2242/2606 2238/2602 2237/2601 
f 2242/2606 2138/2502 2238/2602 
f 2243/2607 2244/2608 2240/2604 2239/2603 
f 2244/2608 2245/2609 2241/2605 2240/2604 
f 2245/2609 2246/2610 2242/2606 2241/2605 
f 2246/2610 2138/2502 2242/2606 
f 2247/2611 2248/2612 2244/2608 2243/2607 
f 2248/2612 2249/2613 2245/2609 2244/2608 
f 2249/2613 2250/2614 2246/2610 2245/2609 
f 2250/2614 2138/2502 2246/2610 
f 2251/2615 2252/2616 2248/2612 2247/2611 
f 2252/2616 2253/2617 2249/2613 2248/2612 
f 2253/2617 2254/2618 2250/2614 2249/2613 
f 2254/2618 2138/2502 2250/2614 
f 2255/2619 2256/2620 2252/2616 2251/2615 
f 2256/2620 2257/2621 2253/2617 2252/2616 
f 2257/2621 2258/2622 2254/2618 2253/2617 
f 2258/2622 2138/2502 2254/2618 
f 2259/2623 2260/2624 2256/2620 2255/2619 
f 2260/2624 2261/2625 2257/2621 2256/2620 
f 2261/2625 2262/2626 2258/2622 2257/2621 
f 2262/2626 2138/2502 2258/2622 
f 2263/2627 2264/2628 2260/2624 2259/2623 
f 2264/2628 2265/2629 2261/2625 2260/2624 
f 2265/2629 2266/2630 2262/2626 2261/2625 
f 2266/2630 2138/2502 2262/2626 
f 2267/2631 2268/2632 2264/2628 2263/2627 
f 2268/2632 2269/2633 2265/2629 2264/2628 
f 2269/2633 2270/2634 2266/2630 2265/2629 
f 2270/2634 2138/2502 2266/2630 
f 2271/2635 2272/2636 2268/2632 2267/2631 
f 2272/2636 2273/2637 2269/2633 2268/2632 
f 2273/2637 2274/2638 2270/2634 2269/2633 
f 2274/2638 2138/2502 2270/2634 
f 2275/2639 2276/2640 2272/2636 2271/2635 
f 2276/2640 2277/2641 2273/2637 2272/2636 
f 2277/2641 2278/2642 2274/2638 2273/2637 
f 2278/2642 2138/2502 2274/2638 
f 2279/2643 2280/2644 2276/2640 2275/2639 
f 2280/2644 2281/2645 2277/2641 2276/2640 
f 2281/2645 2282/2646 2278/2642 2277/2641 
f 2282/2646 2138/2502 2278/2642 
f 2139/2503 2140/2504 2280/2644 2279/2643 
f 2140/2504 2141/2505 2281/2645 2280/2644 
f 2141/2505 2142/2506 2282/2646 2281/2645 
f 2142/2506 2138/2502 2282/2646 

g Neutre C_ne
usemtl Mat_3
v 0.156653 1.33925 -1.165161
v 0.127124 1.26599 -1.162703
v 0.097043 1.19273 -1.160352
v 0.066436 1.11947 -1.158107
v 0.035326 1.046209 -1.155969
v 0.00374 0.972949 -1.153936
v -0.028299 0.899689 -1.15201
v -0.060764 0.826429 -1.150191
v -0.093632 0.753169 -1.148477
v -0.126876 0.679909 -1.14687
v -0.160472 0.606649 -1.145369
v -0.194396 0.533389 -1.143974
v -0.228621 0.460129 -1.142686
v -0.263123 0.386869 -1.141503
v -0.297877 0.313609 -1.140427
v -0.332858 0.240349 -1.139458
v -0.368041 0.167089 -1.138594
v -0.403401 0.093829 -1.137837
v -0.438912 0.020568 -1.137186
v -0.474551 -0.052692 -1.136642
v -0.510291 -0.125952 -1.136203
v -0.546109 -0.199212 -1.135871
v 0.113268 1.33925 -0.919117
v 0.085527 1.26599 -0.926795
v 0.057266 1.19273 -0.934766
v 0.028511 1.11947 -0.943022
v -0.000717 1.046209 -0.951555
v -0.030394 0.972949 -0.960356
v -0.060495 0.899689 -0.969416
v -0.090998 0.826429 -0.978726
v -0.121879 0.753169 -0.988279
v -0.153114 0.679909 -0.998065
v -0.184681 0.606649 -1.008077
v -0.216554 0.533389 -1.018305
v -0.248712 0.460129 -1.028741
v -0.281131 0.386869 -1.039377
v -0.313786 0.313609 -1.050203
v -0.346655 0.240349 -1.061212
v -0.379714 0.167089 -1.072394
v -0.412939 0.093829 -1.083742
v -0.446307 0.020568 -1.095246
v -0.479795 -0.052692 -1.106899
v -0.513379 -0.125952 -1.118691
v -0.547036 -0.199212 -1.130614
v -0.011651 1.33925 -0.702749
v -0.034247 1.26599 -0.71934
v -0.057267 1.19273 -0.736389
v -0.080691 1.11947 -0.75388
v -0.104501 1.046209 -0.771797
v -0.128677 0.972949 -0.790124
v -0.153201 0.899689 -0.808844
v -0.178053 0.826429 -0.827943
v -0.203214 0.753169 -0.847403
v -0.228664 0.679909 -0.867209
v -0.254385 0.606649 -0.887345
v -0.280358 0.533389 -0.907794
v -0.306563 0.460129 -0.92854
v -0.332982 0.386869 -0.949568
v -0.359594 0.313609 -0.970861
v -0.386381 0.240349 -0.992403
v -0.413324 0.167089 -1.014179
v -0.440404 0.093829 -1.036171
v -0.467601 0.020568 -1.058365
v -0.494896 -0.052692 -1.080743
v -0.522271 -0.125952 -1.10329
v -0.549705 -0.199212 -1.12599
v -0.20304 1.33925 -0.542155
v -0.217752 1.26599 -0.565361
v -0.232742 1.19273 -0.589148
v -0.247997 1.11947 -0.613493
v -0.263507 1.046209 -0.638375
v -0.279256 0.972949 -0.663773
v -0.295235 0.899689 -0.689664
v -0.311428 0.826429 -0.716027
v -0.327826 0.753169 -0.742841
v -0.344413 0.679909 -0.770084
v -0.36118 0.606649 -0.797734
v -0.378111 0.533389 -0.825769
v -0.395196 0.460129 -0.854168
v -0.412422 0.386869 -0.882909
v -0.429776 0.313609 -0.911971
v -0.447246 0.240349 -0.941332
v -0.464819 0.167089 -0.97097
v -0.482483 0.093829 -1.000863
v -0.500225 0.020568 -1.03099
v -0.518032 -0.052692 -1.06133
v -0.535893 -0.125952 -1.09186
v -0.553795 -0.199212 -1.122558
v -0.437812 1.33925 -0.456705
v -0.442853 1.26599 -0.483431
v -0.447993 1.19273 -0.510802
v -0.453229 1.11947 -0.538795
v -0.458556 1.046209 -0.567383
v -0.463969 0.972949 -0.596543
v -0.469464 0.899689 -0.62625
v -0.475038 0.826429 -0.656479
v -0.480685 0.753169 -0.687205
v -0.486401 0.679909 -0.718405
v -0.492182 0.606649 -0.750053
v -0.498023 0.533389 -0.782125
v -0.503921 0.460129 -0.814596
v -0.50987 0.386869 -0.847441
v -0.515867 0.313609 -0.880637
v -0.521908 0.240349 -0.914157
v -0.527987 0.167089 -0.947979
v -0.5341 0.093829 -0.982076
v -0.540244 0.020568 -1.016424
v -0.546413 -0.052692 -1.051
v -0.552604 -0.125952 -1.085777
v -0.558812 -0.199212 -1.120733
v -0.687652 1.33925 -0.456705
v -0.682401 1.26599 -0.483431
v -0.67706 1.19273 -0.510802
v -0.671632 1.11947 -0.538795
v -0.666123 1.046209 -0.567383
v -0.660536 0.972949 -0.596543
v -0.654876 0.899689 -0.62625
v -0.649147 0.826429 -0.656479
v -0.643354 0.753169 -0.687205
v -0.637501 0.679909 -0.718405
v -0.631591 0.606649 -0.750053
v -0.625631 0.533389 -0.782125
v -0.619623 0.460129 -0.814596
v -0.613573 0.386869 -0.847441
v -0.607484 0.313609 -0.880637
v -0.601361 0.240349 -0.914157
v -0.595208 0.167089 -0.947979
v -0.58903 0.093829 -0.982076
v -0.582831 0.020568 -1.016424
v -0.576615 -0.052692 -1.051
v -0.570387 -0.125952 -1.085777
v -0.56415 -0.199212 -1.120733
v -0.922424 1.33925 -0.542155
v -0.907503 1.26599 -0.565361
v -0.892312 1.19273 -0.589148
v -0.876864 1.11947 -0.613493
v -0.861172 1.046209 -0.638375
v -0.845249 0.972949 -0.663773
v -0.829106 0.899689 -0.689664
v -0.812757 0.826429 -0.716027
v -0.796213 0.753169 -0.742841
v -0.779488 0.679909 -0.770084
v -0.762594 0.606649 -0.797734
v -0.745543 0.533389 -0.825769
v -0.728348 0.460129 -0.854168
v -0.711021 0.386869 -0.882909
v -0.693575 0.313609 -0.911971
v -0.676022 0.240349 -0.941332
v -0.658375 0.167089 -0.97097
v -0.640647 0.093829 -1.000863
v -0.62285 0.020568 -1.03099
v -0.604995 -0.052692 -1.06133
v -0.587097 -0.125952 -1.09186
v -0.569167 -0.199212 -1.122558
v -1.113813 1.33925 -0.702749
v -1.091007 1.26599 -0.71934
v -1.067787 1.19273 -0.736389
v -1.04417 1.11947 -0.75388
v -1.020178 1.046209 -0.771797
v -0.995828 0.972949 -0.790124
v -0.97114 0.899689 -0.808844
v -0.946132 0.826429 -0.827943
v -0.920825 0.753169 -0.847403
v -0.895237 0.679909 -0.867209
v -0.869388 0.606649 -0.887345
v -0.843296 0.533389 -0.907794
v -0.816981 0.460129 -0.92854
v -0.790461 0.386869 -0.949568
v -0.763757 0.313609 -0.970861
v -0.736887 0.240349 -0.992403
v -0.70987 0.167089 -1.014179
v -0.682726 0.093829 -1.036171
v -0.655473 0.020568 -1.058365
v -0.628131 -0.052692 -1.080743
v -0.60072 -0.125952 -1.10329
v -0.573257 -0.199212 -1.12599
v -1.238732 1.33925 -0.919117
v -1.210781 1.26599 -0.926795
v -1.18232 1.19273 -0.934766
v -1.153372 1.11947 -0.943022
v -1.123961 1.046209 -0.951555
v -1.094111 0.972949 -0.960356
v -1.063845 0.899689 -0.969416
v -1.033187 0.826429 -0.978726
v -1.00216 0.753169 -0.988279
v -0.970787 0.679909 -0.998065
v -0.939093 0.606649 -1.008077
v -0.9071 0.533389 -1.018305
v -0.874832 0.460129 -1.028741
v -0.842312 0.386869 -1.039377
v -0.809565 0.313609 -1.050203
v -0.776613 0.240349 -1.061212
v -0.743481 0.167089 -1.072394
v -0.710191 0.093829 -1.083742
v -0.676767 0.020568 -1.095246
v -0.643232 -0.052692 -1.106899
v -0.609611 -0.125952 -1.118691
v -0.575926 -0.199212 -1.130614
v -1.282117 1.33925 -1.165161
v -1.252378 1.26599 -1.162703
v -1.222097 1.19273 -1.160352
v -1.191297 1.11947 -1.158107
v -1.160005 1.046209 -1.155969
v -1.128245 0.972949 -1.153936
v -1.096042 0.899689 -1.15201
v -1.063421 0.826429 -1.150191
v -1.030407 0.753169 -1.148477
v -0.997025 0.679909 -1.14687
v -0.963301 0.606649 -1.145369
v -0.929258 0.533389 -1.143974
v -0.894923 0.460129 -1.142686
v -0.86032 0.386869 -1.141503
v -0.825474 0.313609 -1.140427
v -0.79041 0.240349 -1.139458
v -0.755154 0.167089 -1.138594
v -0.719729 0.093829 -1.137837
v -0.684162 0.020568 -1.137186
v -0.648477 -0.052692 -1.136642
v -0.612699 -0.125952 -1.136203
v -0.576853 -0.199212 -1.135871
v -1.238732 1.33925 -1.411205
v -1.210781 1.26599 -1.398612
v -1.18232 1.19273 -1.385938
v -1.153372 1.11947 -1.373192
v -1.123961 1.046209 -1.360382
v -1.094111 0.972949 -1.347517
v -1.063845 0.899689 -1.334605
v -1.033187 0.826429 -1.321655
v -1.00216 0.753169 -1.308675
v -0.970787 0.679909 -1.295674
v -0.939093 0.606649 -1.282661
v -0.9071 0.533389 -1.269643
v -0.874832 0.460129 -1.25663
v -0.842312 0.386869 -1.24363
v -0.809565 0.313609 -1.230652
v -0.776613 0.240349 -1.217704
v -0.743481 0.167089 -1.204795
v -0.710191 0.093829 -1.191933
v -0.676767 0.020568 -1.179126
v -0.643232 -0.052692 -1.166385
v -0.609611 -0.125952 -1.153716
v -0.575926 -0.199212 -1.141129
v -1.113813 1.33925 -1.627572
v -1.091007 1.26599 -1.606067
v -1.067787 1.19273 -1.584316
v -1.04417 1.11947 -1.562335
v -1.020178 1.046209 -1.540141
v -0.995828 0.972949 -1.517749
v -0.97114 0.899689 -1.495176
v -0.946132 0.826429 -1.472438
v -0.920825 0.753169 -1.449551
v -0.895237 0.679909 -1.42653
v -0.869388 0.606649 -1.403393
v -0.843296 0.533389 -1.380154
v -0.816981 0.460129 -1.356831
v -0.790461 0.386869 -1.333439
v -0.763757 0.313609 -1.309994
v -0.736887 0.240349 -1.286512
v -0.70987 0.167089 -1.26301
v -0.682726 0.093829 -1.239503
v -0.655473 0.020568 -1.216008
v -0.628131 -0.052692 -1.19254
v -0.60072 -0.125952 -1.169117
v -0.573257 -0.199212 -1.145752
v -0.922424 1.33925 -1.788166
v -0.907503 1.26599 -1.760045
v -0.892312 1.19273 -1.731557
v -0.876864 1.11947 -1.702722
v -0.861172 1.046209 -1.673562
v -0.845249 0.972949 -1.6441
v -0.829106 0.899689 -1.614357
v -0.812757 0.826429 -1.584354
v -0.796213 0.753169 -1.554113
v -0.779488 0.679909 -1.523655
v -0.762594 0.606649 -1.493004
v -0.745543 0.533389 -1.462179
v -0.728348 0.460129 -1.431203
v -0.711021 0.386869 -1.400097
v -0.693575 0.313609 -1.368884
v -0.676022 0.240349 -1.337584
v -0.658375 0.167089 -1.306219
v -0.640647 0.093829 -1.274811
v -0.62285 0.020568 -1.243383
v -0.604995 -0.052692 -1.211954
v -0.587097 -0.125952 -1.180547
v -0.569167 -0.199212 -1.149184
v -0.687652 1.33925 -1.873616
v -0.682401 1.26599 -1.841975
v -0.67706 1.19273 -1.809902
v -0.671632 1.11947 -1.77742
v -0.666123 1.046209 -1.744554
v -0.660536 0.972949 -1.71133
v -0.654876 0.899689 -1.677771
v -0.649147 0.826429 -1.643903
v -0.643354 0.753169 -1.609749
v -0.637501 0.679909 -1.575335
v -0.631591 0.606649 -1.540685
v -0.625631 0.533389 -1.505823
v -0.619623 0.460129 -1.470775
v -0.613573 0.386869 -1.435566
v -0.607484 0.313609 -1.400218
v -0.601361 0.240349 -1.364758
v -0.595208 0.167089 -1.32921
v -0.58903 0.093829 -1.293599
v -0.582831 0.020568 -1.257948
v -0.576615 -0.052692 -1.222284
v -0.570387 -0.125952 -1.186629
v -0.56415 -0.199212 -1.15101
v -0.437812 1.33925 -1.873616
v -0.442853 1.26599 -1.841975
v -0.447993 1.19273 -1.809902
v -0.453229 1.11947 -1.77742
v -0.458556 1.046209 -1.744554
v -0.463969 0.972949 -1.71133
v -0.469464 0.899689 -1.677771
v -0.475038 0.826429 -1.643903
v -0.480685 0.753169 -1.609749
v -0.486401 0.679909 -1.575335
v -0.492182 0.606649 -1.540685
v -0.498023 0.533389 -1.505823
v -0.503921 0.460129 -1.470775
v -0.50987 0.386869 -1.435566
v -0.515867 0.313609 -1.400218
v -0.521908 0.240349 -1.364758
v -0.527987 0.167089 -1.32921
v -0.5341 0.093829 -1.293599
v -0.540244 0.020568 -1.257948
v -0.546413 -0.052692 -1.222284
v -0.552604 -0.125952 -1.186629
v -0.558812 -0.199212 -1.15101
v -0.20304 1.33925 -1.788166
v -0.217752 1.26599 -1.760045
v -0.232742 1.19273 -1.731557
v -0.247997 1.11947 -1.702722
v -0.263507 1.046209 -1.673562
v -0.279256 0.972949 -1.6441
v -0.295235 0.899689 -1.614357
v -0.311428 0.826429 -1.584354
v -0.327826 0.753169 -1.554113
v -0.344413 0.679909 -1.523655
v -0.36118 0.606649 -1.493004
v -0.378111 0.533389 -1.462179
v -0.395196 0.460129 -1.431203
v -0.412422 0.386869 -1.400097
v -0.429776 0.313609 -1.368884
v -0.447246 0.240349 -1.337584
v -0.464819 0.167089 -1.306219
v -0.482483 0.093829 -1.274811
v -0.500225 0.020568 -1.243383
v -0.518032 -0.052692 -1.211954
v -0.535893 -0.125952 -1.180547
v -0.553795 -0.199212 -1.149184
v -0.011651 1.33925 -1.627572
v -0.034247 1.26599 -1.606067
v -0.057267 1.19273 -1.584316
v -0.080691 1.11947 -1.562335
v -0.104501 1.046209 -1.540141
v -0.128677 0.972949 -1.517749
v -0.153201 0.899689 -1.495176
v -0.178053 0.826429 -1.472438
v -0.203214 0.753169 -1.449551
v -0.228664 0.679909 -1.42653
v -0.254385 0.606649 -1.403393
v -0.280358 0.533389 -1.380154
v -0.306563 0.460129 -1.356831
v -0.332982 0.386869 -1.333439
v -0.359594 0.313609 -1.309994
v -0.386381 0.240349 -1.286512
v -0.413324 0.167089 -1.26301
v -0.440404 0.093829 -1.239503
v -0.467601 0.020568 -1.216008
v -0.494896 -0.052692 -1.19254
v -0.522271 -0.125952 -1.169117
v -0.549705 -0.199212 -1.145752
v 0.113268 1.33925 -1.411205
v 0.085527 1.26599 -1.398612
v 0.057266 1.19273 -1.385938
v 0.028511 1.11947 -1.373192
v -0.000717 1.046209 -1.360382
v -0.030394 0.972949 -1.347517
v -0.060495 0.899689 -1.334605
v -0.090998 0.826429 -1.321655
v -0.121879 0.753169 -1.308675
v -0.153114 0.679909 -1.295674
v -0.184681 0.606649 -1.282661
v -0.216554 0.533389 -1.269643
v -0.248712 0.460129 -1.25663
v -0.281131 0.386869 -1.24363
v -0.313786 0.313609 -1.230652
v -0.346655 0.240349 -1.217704
v -0.379714 0.167089 -1.204795
v -0.412939 0.093829 -1.191933
v -0.446307 0.020568 -1.179126
v -0.479795 -0.052692 -1.166385
v -0.513379 -0.125952 -1.153716
v -0.547036 -0.199212 -1.141129

vt 1 0 0
vt 0 0 0
vt 1 0.047619 0
vt 0 0.047619 0
vt 1 0.095238 0
vt 0 0.095238 0
vt 1 0.142857 0
vt 0 0.142857 0
vt 1 0.190476 0
vt 0 0.190476 0
vt 1 0.238095 0
vt 0 0.238095 0
vt 1 0.285714 0
vt 0 0.285714 0
vt 1 0.333333 0
vt 0 0.333333 0
vt 1 0.380952 0
vt 0 0.380952 0
vt 1 0.428571 0
vt 0 0.428571 0
vt 1 0.47619 0
vt 0 0.47619 0
vt 1 0.52381 0
vt 0 0.52381 0
vt 1 0.571429 0
vt 0 0.571429 0
vt 1 0.619048 0
vt 0 0.619048 0
vt 1 0.666667 0
vt 0 0.666667 0
vt 1 0.714286 0
vt 0 0.714286 0
vt 1 0.761905 0
vt 0 0.761905 0
vt 1 0.809524 0
vt 0 0.809524 0
vt 1 0.857143 0
vt 0 0.857143 0
vt 1 0.904762 0
vt 0 0.904762 0
vt 1 0.952381 0
vt 0 0.952381 0
vt 1 1 0
vt 0 1 0
vt 0.055556 0 0
vt 0.055556 0.047619 0
vt 0.055556 0.095238 0
vt 0.055556 0.142857 0
vt 0.055556 0.190476 0
vt 0.055556 0.238095 0
vt 0.055556 0.285714 0
vt 0.055556 0.333333 0
vt 0.055556 0.380952 0
vt 0.055556 0.428571 0
vt 0.055556 0.47619 0
vt 0.055556 0.52381 0
vt 0.055556 0.571429 0
vt 0.055556 0.619048 0
vt 0.055556 0.666667 0
vt 0.055556 0.714286 0
vt 0.055556 0.761905 0
vt 0.055556 0.809524 0
vt 0.055556 0.857143 0
vt 0.055556 0.904762 0
vt 0.055556 0.952381 0
vt 0.055556 1 0
vt 0.111111 0 0
vt 0.111111 0.047619 0
vt 0.111111 0.095238 0
vt 0.111111 0.142857 0
vt 0.111111 0.190476 0
vt 0.111111 0.238095 0
vt 0.111111 0.285714 0
vt 0.111111 0.333333 0
vt 0.111111 0.380952 0
vt 0.111111 0.428571 0
vt 0.111111 0.47619 0
vt 0.111111 0.52381 0
vt 0.111111 0.571429 0
vt 0.111111 0.619048 0
vt 0.111111 0.666667 0
vt 0.111111 0.714286 0
vt 0.111111 0.761905 0
vt 0.111111 0.809524 0
vt 0.111111 0.857143 0
vt 0.111111 0.904762 0
vt 0.111111 0.952381 0
vt 0.111111 1 0
vt 0.166667 0 0
vt 0.166667 0.047619 0
vt 0.166667 0.095238 0
vt 0.166667 0.142857 0
vt 0.166667 0.190476 0
vt 0.166667 0.238095 0
vt 0.166667 0.285714 0
vt 0.166667 0.333333 0
vt 0.166667 0.380952 0
vt 0.166667 0.428571 0
vt 0.166667 0.47619 0
vt 0.166667 0.52381 0
vt 0.166667 0.571429 0
vt 0.166667 0.619048 0
vt 0.166667 0.666667 0
vt 0.166667 0.714286 0
vt 0.166667 0.761905 0
vt 0.166667 0.809524 0
vt 0.166667 0.857143 0
vt 0.166667 0.904762 0
vt 0.166667 0.952381 0
vt 0.166667 1 0
vt 0.222222 0 0
vt 0.222222 0.047619 0
vt 0.222222 0.095238 0
vt 0.222222 0.142857 0
vt 0.222222 0.190476 0
vt 0.222222 0.238095 0
vt 0.222222 0.285714 0
vt 0.222222 0.333333 0
vt 0.222222 0.380952 0
vt 0.222222 0.428571 0
vt 0.222222 0.47619 0
vt 0.222222 0.52381 0
vt 0.222222 0.571429 0
vt 0.222222 0.619048 0
vt 0.222222 0.666667 0
vt 0.222222 0.714286 0
vt 0.222222 0.761905 0
vt 0.222222 0.809524 0
vt 0.222222 0.857143 0
vt 0.222222 0.904762 0
vt 0.222222 0.952381 0
vt 0.222222 1 0
vt 0.277778 0 0
vt 0.277778 0.047619 0
vt 0.277778 0.095238 0
vt 0.277778 0.142857 0
vt 0.277778 0.190476 0
vt 0.277778 0.238095 0
vt 0.277778 0.285714 0
vt 0.277778 0.333333 0
vt 0.277778 0.380952 0
vt 0.277778 0.428571 0
vt 0.277778 0.47619 0
vt 0.277778 0.52381 0
vt 0.277778 0.571429 0
vt 0.277778 0.619048 0
vt 0.277778 0.666667 0
vt 0.277778 0.714286 0
vt 0.277778 0.761905 0
vt 0.277778 0.809524 0
vt 0.277778 0.857143 0
vt 0.277778 0.904762 0
vt 0.277778 0.952381 0
vt 0.277778 1 0
vt 0.333333 0 0
vt 0.333333 0.047619 0
vt 0.333333 0.095238 0
vt 0.333333 0.142857 0
vt 0.333333 0.190476 0
vt 0.333333 0.238095 0
vt 0.333333 0.285714 0
vt 0.333333 0.333333 0
vt 0.333333 0.380952 0
vt 0.333333 0.428571 0
vt 0.333333 0.47619 0
vt 0.333333 0.52381 0
vt 0.333333 0.571429 0
vt 0.333333 0.619048 0
vt 0.333333 0.666667 0
vt 0.333333 0.714286 0
vt 0.333333 0.761905 0
vt 0.333333 0.809524 0
vt 0.333333 0.857143 0
vt 0.333333 0.904762 0
vt 0.333333 0.952381 0
vt 0.333333 1 0
vt 0.388889 0 0
vt 0.388889 0.047619 0
vt 0.388889 0.095238 0
vt 0.388889 0.142857 0
vt 0.388889 0.190476 0
vt 0.388889 0.238095 0
vt 0.388889 0.285714 0
vt 0.388889 0.333333 0
vt 0.388889 0.380952 0
vt 0.388889 0.428571 0
vt 0.388889 0.47619 0
vt 0.388889 0.52381 0
vt 0.388889 0.571429 0
vt 0.388889 0.619048 0
vt 0.388889 0.666667 0
vt 0.388889 0.714286 0
vt 0.388889 0.761905 0
vt 0.388889 0.809524 0
vt 0.388889 0.857143 0
vt 0.388889 0.904762 0
vt 0.388889 0.952381 0
vt 0.388889 1 0
vt 0.444444 0 0
vt 0.444444 0.047619 0
vt 0.444444 0.095238 0
vt 0.444444 0.142857 0
vt 0.444444 0.190476 0
vt 0.444444 0.238095 0
vt 0.444444 0.285714 0
vt 0.444444 0.333333 0
vt 0.444444 0.380952 0
vt 0.444444 0.428571 0
vt 0.444444 0.47619 0
vt 0.444444 0.52381 0
vt 0.444444 0.571429 0
vt 0.444444 0.619048 0
vt 0.444444 0.666667 0
vt 0.444444 0.714286 0
vt 0.444444 0.761905 0
vt 0.444444 0.809524 0
vt 0.444444 0.857143 0
vt 0.444444 0.904762 0
vt 0.444444 0.952381 0
vt 0.444444 1 0
vt 0.5 0 0
vt 0.5 0.047619 0
vt 0.5 0.095238 0
vt 0.5 0.142857 0
vt 0.5 0.190476 0
vt 0.5 0.238095 0
vt 0.5 0.285714 0
vt 0.5 0.333333 0
vt 0.5 0.380952 0
vt 0.5 0.428571 0
vt 0.5 0.47619 0
vt 0.5 0.52381 0
vt 0.5 0.571429 0
vt 0.5 0.619048 0
vt 0.5 0.666667 0
vt 0.5 0.714286 0
vt 0.5 0.761905 0
vt 0.5 0.809524 0
vt 0.5 0.857143 0
vt 0.5 0.904762 0
vt 0.5 0.952381 0
vt 0.5 1 0
vt 0.555556 0 0
vt 0.555556 0.047619 0
vt 0.555556 0.095238 0
vt 0.555556 0.142857 0
vt 0.555556 0.190476 0
vt 0.555556 0.238095 0
vt 0.555556 0.285714 0
vt 0.555556 0.333333 0
vt 0.555556 0.380952 0
vt 0.555556 0.428571 0
vt 0.555556 0.47619 0
vt 0.555556 0.52381 0
vt 0.555556 0.571429 0
vt 0.555556 0.619048 0
vt 0.555556 0.666667 0
vt 0.555556 0.714286 0
vt 0.555556 0.761905 0
vt 0.555556 0.809524 0
vt 0.555556 0.857143 0
vt 0.555556 0.904762 0
vt 0.555556 0.952381 0
vt 0.555556 1 0
vt 0.611111 0 0
vt 0.611111 0.047619 0
vt 0.611111 0.095238 0
vt 0.611111 0.142857 0
vt 0.611111 0.190476 0
vt 0.611111 0.238095 0
vt 0.611111 0.285714 0
vt 0.611111 0.333333 0
vt 0.611111 0.380952 0
vt 0.611111 0.428571 0
vt 0.611111 0.47619 0
vt 0.611111 0.52381 0
vt 0.611111 0.571429 0
vt 0.611111 0.619048 0
vt 0.611111 0.666667 0
vt 0.611111 0.714286 0
vt 0.611111 0.761905 0
vt 0.611111 0.809524 0
vt 0.611111 0.857143 0
vt 0.611111 0.904762 0
vt 0.611111 0.952381 0
vt 0.611111 1 0
vt 0.666667 0 0
vt 0.666667 0.047619 0
vt 0.666667 0.095238 0
vt 0.666667 0.142857 0
vt 0.666667 0.190476 0
vt 0.666667 0.238095 0
vt 0.666667 0.285714 0
vt 0.666667 0.333333 0
vt 0.666667 0.380952 0
vt 0.666667 0.428571 0
vt 0.666667 0.47619 0
vt 0.666667 0.52381 0
vt 0.666667 0.571429 0
vt 0.666667 0.619048 0
vt 0.666667 0.666667 0
vt 0.666667 0.714286 0
vt 0.666667 0.761905 0
vt 0.666667 0.809524 0
vt 0.666667 0.857143 0
vt 0.666667 0.904762 0
vt 0.666667 0.952381 0
vt 0.666667 1 0
vt 0.722222 0 0
vt 0.722222 0.047619 0
vt 0.722222 0.095238 0
vt 0.722222 0.142857 0
vt 0.722222 0.190476 0
vt 0.722222 0.238095 0
vt 0.722222 0.285714 0
vt 0.722222 0.333333 0
vt 0.722222 0.380952 0
vt 0.722222 0.428571 0
vt 0.722222 0.47619 0
vt 0.722222 0.52381 0
vt 0.722222 0.571429 0
vt 0.722222 0.619048 0
vt 0.722222 0.666667 0
vt 0.722222 0.714286 0
vt 0.722222 0.761905 0
vt 0.722222 0.809524 0
vt 0.722222 0.857143 0
vt 0.722222 0.904762 0
vt 0.722222 0.952381 0
vt 0.722222 1 0
vt 0.777778 0 0
vt 0.777778 0.047619 0
vt 0.777778 0.095238 0
vt 0.777778 0.142857 0
vt 0.777778 0.190476 0
vt 0.777778 0.238095 0
vt 0.777778 0.285714 0
vt 0.777778 0.333333 0
vt 0.777778 0.380952 0
vt 0.777778 0.428571 0
vt 0.777778 0.47619 0
vt 0.777778 0.52381 0
vt 0.777778 0.571429 0
vt 0.777778 0.619048 0
vt 0.777778 0.666667 0
vt 0.777778 0.714286 0
vt 0.777778 0.761905 0
vt 0.777778 0.809524 0
vt 0.777778 0.857143 0
vt 0.777778 0.904762 0
vt 0.777778 0.952381 0
vt 0.777778 1 0
vt 0.833333 0 0
vt 0.833333 0.047619 0
vt 0.833333 0.095238 0
vt 0.833333 0.142857 0
vt 0.833333 0.190476 0
vt 0.833333 0.238095 0
vt 0.833333 0.285714 0
vt 0.833333 0.333333 0
vt 0.833333 0.380952 0
vt 0.833333 0.428571 0
vt 0.833333 0.47619 0
vt 0.833333 0.52381 0
vt 0.833333 0.571429 0
vt 0.833333 0.619048 0
vt 0.833333 0.666667 0
vt 0.833333 0.714286 0
vt 0.833333 0.761905 0
vt 0.833333 0.809524 0
vt 0.833333 0.857143 0
vt 0.833333 0.904762 0
vt 0.833333 0.952381 0
vt 0.833333 1 0
vt 0.888889 0 0
vt 0.888889 0.047619 0
vt 0.888889 0.095238 0
vt 0.888889 0.142857 0
vt 0.888889 0.190476 0
vt 0.888889 0.238095 0
vt 0.888889 0.285714 0
vt 0.888889 0.333333 0
vt 0.888889 0.380952 0
vt 0.888889 0.428571 0
vt 0.888889 0.47619 0
vt 0.888889 0.52381 0
vt 0.888889 0.571429 0
vt 0.888889 0.619048 0
vt 0.888889 0.666667 0
vt 0.888889 0.714286 0
vt 0.888889 0.761905 0
vt 0.888889 0.809524 0
vt 0.888889 0.857143 0
vt 0.888889 0.904762 0
vt 0.888889 0.952381 0
vt 0.888889 1 0
vt 0.944444 0 0
vt 0.944444 0.047619 0
vt 0.944444 0.095238 0
vt 0.944444 0.142857 0
vt 0.944444 0.190476 0
vt 0.944444 0.238095 0
vt 0.944444 0.285714 0
vt 0.944444 0.333333 0
vt 0.944444 0.380952 0
vt 0.944444 0.428571 0
vt 0.944444 0.47619 0
vt 0.944444 0.52381 0
vt 0.944444 0.571429 0
vt 0.944444 0.619048 0
vt 0.944444 0.666667 0
vt 0.944444 0.714286 0
vt 0.944444 0.761905 0
vt 0.944444 0.809524 0
vt 0.944444 0.857143 0
vt 0.944444 0.904762 0
vt 0.944444 0.952381 0
vt 0.944444 1 0

f 2305/2691 2306/2692 2284/2650 2283/2648 
f 2306/2692 2307/2693 2285/2652 2284/2650 
f 2307/2693 2308/2694 2286/2654 2285/2652 
f 2308/2694 2309/2695 2287/2656 2286/2654 
f 2309/2695 2310/2696 2288/2658 2287/2656 
f 2310/2696 2311/2697 2289/2660 2288/2658 
f 2311/2697 2312/2698 2290/2662 2289/2660 
f 2312/2698 2313/2699 2291/2664 2290/2662 
f 2313/2699 2314/2700 2292/2666 2291/2664 
f 2314/2700 2315/2701 2293/2668 2292/2666 
f 2315/2701 2316/2702 2294/2670 2293/2668 
f 2316/2702 2317/2703 2295/2672 2294/2670 
f 2317/2703 2318/2704 2296/2674 2295/2672 
f 2318/2704 2319/2705 2297/2676 2296/2674 
f 2319/2705 2320/2706 2298/2678 2297/2676 
f 2320/2706 2321/2707 2299/2680 2298/2678 
f 2321/2707 2322/2708 2300/2682 2299/2680 
f 2322/2708 2323/2709 2301/2684 2300/2682 
f 2323/2709 2324/2710 2302/2686 2301/2684 
f 2324/2710 2325/2711 2303/2688 2302/2686 
f 2325/2711 2326/2712 2304/2690 2303/2688 
f 2327/2713 2328/2714 2306/2692 2305/2691 
f 2328/2714 2329/2715 2307/2693 2306/2692 
f 2329/2715 2330/2716 2308/2694 2307/2693 
f 2330/2716 2331/2717 2309/2695 2308/2694 
f 2331/2717 2332/2718 2310/2696 2309/2695 
f 2332/2718 2333/2719 2311/2697 2310/2696 
f 2333/2719 2334/2720 2312/2698 2311/2697 
f 2334/2720 2335/2721 2313/2699 2312/2698 
f 2335/2721 2336/2722 2314/2700 2313/2699 
f 2336/2722 2337/2723 2315/2701 2314/2700 
f 2337/2723 2338/2724 2316/2702 2315/2701 
f 2338/2724 2339/2725 2317/2703 2316/2702 
f 2339/2725 2340/2726 2318/2704 2317/2703 
f 2340/2726 2341/2727 2319/2705 2318/2704 
f 2341/2727 2342/2728 2320/2706 2319/2705 
f 2342/2728 2343/2729 2321/2707 2320/2706 
f 2343/2729 2344/2730 2322/2708 2321/2707 
f 2344/2730 2345/2731 2323/2709 2322/2708 
f 2345/2731 2346/2732 2324/2710 2323/2709 
f 2346/2732 2347/2733 2325/2711 2324/2710 
f 2347/2733 2348/2734 2326/2712 2325/2711 
f 2349/2735 2350/2736 2328/2714 2327/2713 
f 2350/2736 2351/2737 2329/2715 2328/2714 
f 2351/2737 2352/2738 2330/2716 2329/2715 
f 2352/2738 2353/2739 2331/2717 2330/2716 
f 2353/2739 2354/2740 2332/2718 2331/2717 
f 2354/2740 2355/2741 2333/2719 2332/2718 
f 2355/2741 2356/2742 2334/2720 2333/2719 
f 2356/2742 2357/2743 2335/2721 2334/2720 
f 2357/2743 2358/2744 2336/2722 2335/2721 
f 2358/2744 2359/2745 2337/2723 2336/2722 
f 2359/2745 2360/2746 2338/2724 2337/2723 
f 2360/2746 2361/2747 2339/2725 2338/2724 
f 2361/2747 2362/2748 2340/2726 2339/2725 
f 2362/2748 2363/2749 2341/2727 2340/2726 
f 2363/2749 2364/2750 2342/2728 2341/2727 
f 2364/2750 2365/2751 2343/2729 2342/2728 
f 2365/2751 2366/2752 2344/2730 2343/2729 
f 2366/2752 2367/2753 2345/2731 2344/2730 
f 2367/2753 2368/2754 2346/2732 2345/2731 
f 2368/2754 2369/2755 2347/2733 2346/2732 
f 2369/2755 2370/2756 2348/2734 2347/2733 
f 2371/2757 2372/2758 2350/2736 2349/2735 
f 2372/2758 2373/2759 2351/2737 2350/2736 
f 2373/2759 2374/2760 2352/2738 2351/2737 
f 2374/2760 2375/2761 2353/2739 2352/2738 
f 2375/2761 2376/2762 2354/2740 2353/2739 
f 2376/2762 2377/2763 2355/2741 2354/2740 
f 2377/2763 2378/2764 2356/2742 2355/2741 
f 2378/2764 2379/2765 2357/2743 2356/2742 
f 2379/2765 2380/2766 2358/2744 2357/2743 
f 2380/2766 2381/2767 2359/2745 2358/2744 
f 2381/2767 2382/2768 2360/2746 2359/2745 
f 2382/2768 2383/2769 2361/2747 2360/2746 
f 2383/2769 2384/2770 2362/2748 2361/2747 
f 2384/2770 2385/2771 2363/2749 2362/2748 
f 2385/2771 2386/2772 2364/2750 2363/2749 
f 2386/2772 2387/2773 2365/2751 2364/2750 
f 2387/2773 2388/2774 2366/2752 2365/2751 
f 2388/2774 2389/2775 2367/2753 2366/2752 
f 2389/2775 2390/2776 2368/2754 2367/2753 
f 2390/2776 2391/2777 2369/2755 2368/2754 
f 2391/2777 2392/2778 2370/2756 2369/2755 
f 2393/2779 2394/2780 2372/2758 2371/2757 
f 2394/2780 2395/2781 2373/2759 2372/2758 
f 2395/2781 2396/2782 2374/2760 2373/2759 
f 2396/2782 2397/2783 2375/2761 2374/2760 
f 2397/2783 2398/2784 2376/2762 2375/2761 
f 2398/2784 2399/2785 2377/2763 2376/2762 
f 2399/2785 2400/2786 2378/2764 2377/2763 
f 2400/2786 2401/2787 2379/2765 2378/2764 
f 2401/2787 2402/2788 2380/2766 2379/2765 
f 2402/2788 2403/2789 2381/2767 2380/2766 
f 2403/2789 2404/2790 2382/2768 2381/2767 
f 2404/2790 2405/2791 2383/2769 2382/2768 
f 2405/2791 2406/2792 2384/2770 2383/2769 
f 2406/2792 2407/2793 2385/2771 2384/2770 
f 2407/2793 2408/2794 2386/2772 2385/2771 
f 2408/2794 2409/2795 2387/2773 2386/2772 
f 2409/2795 2410/2796 2388/2774 2387/2773 
f 2410/2796 2411/2797 2389/2775 2388/2774 
f 2411/2797 2412/2798 2390/2776 2389/2775 
f 2412/2798 2413/2799 2391/2777 2390/2776 
f 2413/2799 2414/2800 2392/2778 2391/2777 
f 2415/2801 2416/2802 2394/2780 2393/2779 
f 2416/2802 2417/2803 2395/2781 2394/2780 
f 2417/2803 2418/2804 2396/2782 2395/2781 
f 2418/2804 2419/2805 2397/2783 2396/2782 
f 2419/2805 2420/2806 2398/2784 2397/2783 
f 2420/2806 2421/2807 2399/2785 2398/2784 
f 2421/2807 2422/2808 2400/2786 2399/2785 
f 2422/2808 2423/2809 2401/2787 2400/2786 
f 2423/2809 2424/2810 2402/2788 2401/2787 
f 2424/2810 2425/2811 2403/2789 2402/2788 
f 2425/2811 2426/2812 2404/2790 2403/2789 
f 2426/2812 2427/2813 2405/2791 2404/2790 
f 2427/2813 2428/2814 2406/2792 2405/2791 
f 2428/2814 2429/2815 2407/2793 2406/2792 
f 2429/2815 2430/2816 2408/2794 2407/2793 
f 2430/2816 2431/2817 2409/2795 2408/2794 
f 2431/2817 2432/2818 2410/2796 2409/2795 
f 2432/2818 2433/2819 2411/2797 2410/2796 
f 2433/2819 2434/2820 2412/2798 2411/2797 
f 2434/2820 2435/2821 2413/2799 2412/2798 
f 2435/2821 2436/2822 2414/2800 2413/2799 
f 2437/2823 2438/2824 2416/2802 2415/2801 
f 2438/2824 2439/2825 2417/2803 2416/2802 
f 2439/2825 2440/2826 2418/2804 2417/2803 
f 2440/2826 2441/2827 2419/2805 2418/2804 
f 2441/2827 2442/2828 2420/2806 2419/2805 
f 2442/2828 2443/2829 2421/2807 2420/2806 
f 2443/2829 2444/2830 2422/2808 2421/2807 
f 2444/2830 2445/2831 2423/2809 2422/2808 
f 2445/2831 2446/2832 2424/2810 2423/2809 
f 2446/2832 2447/2833 2425/2811 2424/2810 
f 2447/2833 2448/2834 2426/2812 2425/2811 
f 2448/2834 2449/2835 2427/2813 2426/2812 
f 2449/2835 2450/2836 2428/2814 2427/2813 
f 2450/2836 2451/2837 2429/2815 2428/2814 
f 2451/2837 2452/2838 2430/2816 2429/2815 
f 2452/2838 2453/2839 2431/2817 2430/2816 
f 2453/2839 2454/2840 2432/2818 2431/2817 
f 2454/2840 2455/2841 2433/2819 2432/2818 
f 2455/2841 2456/2842 2434/2820 2433/2819 
f 2456/2842 2457/2843 2435/2821 2434/2820 
f 2457/2843 2458/2844 2436/2822 2435/2821 
f 2459/2845 2460/2846 2438/2824 2437/2823 
f 2460/2846 2461/2847 2439/2825 2438/2824 
f 2461/2847 2462/2848 2440/2826 2439/2825 
f 2462/2848 2463/2849 2441/2827 2440/2826 
f 2463/2849 2464/2850 2442/2828 2441/2827 
f 2464/2850 2465/2851 2443/2829 2442/2828 
f 2465/2851 2466/2852 2444/2830 2443/2829 
f 2466/2852 2467/2853 2445/2831 2444/2830 
f 2467/2853 2468/2854 2446/2832 2445/2831 
f 2468/2854 2469/2855 2447/2833 2446/2832 
f 2469/2855 2470/2856 2448/2834 2447/2833 
f 2470/2856 2471/2857 2449/2835 2448/2834 
f 2471/2857 2472/2858 2450/2836 2449/2835 
f 2472/2858 2473/2859 2451/2837 2450/2836 
f 2473/2859 2474/2860 2452/2838 2451/2837 
f 2474/2860 2475/2861 2453/2839 2452/2838 
f 2475/2861 2476/2862 2454/2840 2453/2839 
f 2476/2862 2477/2863 2455/2841 2454/2840 
f 2477/2863 2478/2864 2456/2842 2455/2841 
f 2478/2864 2479/2865 2457/2843 2456/2842 
f 2479/2865 2480/2866 2458/2844 2457/2843 
f 2481/2867 2482/2868 2460/2846 2459/2845 
f 2482/2868 2483/2869 2461/2847 2460/2846 
f 2483/2869 2484/2870 2462/2848 2461/2847 
f 2484/2870 2485/2871 2463/2849 2462/2848 
f 2485/2871 2486/2872 2464/2850 2463/2849 
f 2486/2872 2487/2873 2465/2851 2464/2850 
f 2487/2873 2488/2874 2466/2852 2465/2851 
f 2488/2874 2489/2875 2467/2853 2466/2852 
f 2489/2875 2490/2876 2468/2854 2467/2853 
f 2490/2876 2491/2877 2469/2855 2468/2854 
f 2491/2877 2492/2878 2470/2856 2469/2855 
f 2492/2878 2493/2879 2471/2857 2470/2856 
f 2493/2879 2494/2880 2472/2858 2471/2857 
f 2494/2880 2495/2881 2473/2859 2472/2858 
f 2495/2881 2496/2882 2474/2860 2473/2859 
f 2496/2882 2497/2883 2475/2861 2474/2860 
f 2497/2883 2498/2884 2476/2862 2475/2861 
f 2498/2884 2499/2885 2477/2863 2476/2862 
f 2499/2885 2500/2886 2478/2864 2477/2863 
f 2500/2886 2501/2887 2479/2865 2478/2864 
f 2501/2887 2502/2888 2480/2866 2479/2865 
f 2503/2889 2504/2890 2482/2868 2481/2867 
f 2504/2890 2505/2891 2483/2869 2482/2868 
f 2505/2891 2506/2892 2484/2870 2483/2869 
f 2506/2892 2507/2893 2485/2871 2484/2870 
f 2507/2893 2508/2894 2486/2872 2485/2871 
f 2508/2894 2509/2895 2487/2873 2486/2872 
f 2509/2895 2510/2896 2488/2874 2487/2873 
f 2510/2896 2511/2897 2489/2875 2488/2874 
f 2511/2897 2512/2898 2490/2876 2489/2875 
f 2512/2898 2513/2899 2491/2877 2490/2876 
f 2513/2899 2514/2900 2492/2878 2491/2877 
f 2514/2900 2515/2901 2493/2879 2492/2878 
f 2515/2901 2516/2902 2494/2880 2493/2879 
f 2516/2902 2517/2903 2495/2881 2494/2880 
f 2517/2903 2518/2904 2496/2882 2495/2881 
f 2518/2904 2519/2905 2497/2883 2496/2882 
f 2519/2905 2520/2906 2498/2884 2497/2883 
f 2520/2906 2521/2907 2499/2885 2498/2884 
f 2521/2907 2522/2908 2500/2886 2499/2885 
f 2522/2908 2523/2909 2501/2887 2500/2886 
f 2523/2909 2524/2910 2502/2888 2501/2887 
f 2525/2911 2526/2912 2504/2890 2503/2889 
f 2526/2912 2527/2913 2505/2891 2504/2890 
f 2527/2913 2528/2914 2506/2892 2505/2891 
f 2528/2914 2529/2915 2507/2893 2506/2892 
f 2529/2915 2530/2916 2508/2894 2507/2893 
f 2530/2916 2531/2917 2509/2895 2508/2894 
f 2531/2917 2532/2918 2510/2896 2509/2895 
f 2532/2918 2533/2919 2511/2897 2510/2896 
f 2533/2919 2534/2920 2512/2898 2511/2897 
f 2534/2920 2535/2921 2513/2899 2512/2898 
f 2535/2921 2536/2922 2514/2900 2513/2899 
f 2536/2922 2537/2923 2515/2901 2514/2900 
f 2537/2923 2538/2924 2516/2902 2515/2901 
f 2538/2924 2539/2925 2517/2903 2516/2902 
f 2539/2925 2540/2926 2518/2904 2517/2903 
f 2540/2926 2541/2927 2519/2905 2518/2904 
f 2541/2927 2542/2928 2520/2906 2519/2905 
f 2542/2928 2543/2929 2521/2907 2520/2906 
f 2543/2929 2544/2930 2522/2908 2521/2907 
f 2544/2930 2545/2931 2523/2909 2522/2908 
f 2545/2931 2546/2932 2524/2910 2523/2909 
f 2547/2933 2548/2934 2526/2912 2525/2911 
f 2548/2934 2549/2935 2527/2913 2526/2912 
f 2549/2935 2550/2936 2528/2914 2527/2913 
f 2550/2936 2551/2937 2529/2915 2528/2914 
f 2551/2937 2552/2938 2530/2916 2529/2915 
f 2552/2938 2553/2939 2531/2917 2530/2916 
f 2553/2939 2554/2940 2532/2918 2531/2917 
f 2554/2940 2555/2941 2533/2919 2532/2918 
f 2555/2941 2556/2942 2534/2920 2533/2919 
f 2556/2942 2557/2943 2535/2921 2534/2920 
f 2557/2943 2558/2944 2536/2922 2535/2921 
f 2558/2944 2559/2945 2537/2923 2536/2922 
f 2559/2945 2560/2946 2538/2924 2537/2923 
f 2560/2946 2561/2947 2539/2925 2538/2924 
f 2561/2947 2562/2948 2540/2926 2539/2925 
f 2562/2948 2563/2949 2541/2927 2540/2926 
f 2563/2949 2564/2950 2542/2928 2541/2927 
f 2564/2950 2565/2951 2543/2929 2542/2928 
f 2565/2951 2566/2952 2544/2930 2543/2929 
f 2566/2952 2567/2953 2545/2931 2544/2930 
f 2567/2953 2568/2954 2546/2932 2545/2931 
f 2569/2955 2570/2956 2548/2934 2547/2933 
f 2570/2956 2571/2957 2549/2935 2548/2934 
f 2571/2957 2572/2958 2550/2936 2549/2935 
f 2572/2958 2573/2959 2551/2937 2550/2936 
f 2573/2959 2574/2960 2552/2938 2551/2937 
f 2574/2960 2575/2961 2553/2939 2552/2938 
f 2575/2961 2576/2962 2554/2940 2553/2939 
f 2576/2962 2577/2963 2555/2941 2554/2940 
f 2577/2963 2578/2964 2556/2942 2555/2941 
f 2578/2964 2579/2965 2557/2943 2556/2942 
f 2579/2965 2580/2966 2558/2944 2557/2943 
f 2580/2966 2581/2967 2559/2945 2558/2944 
f 2581/2967 2582/2968 2560/2946 2559/2945 
f 2582/2968 2583/2969 2561/2947 2560/2946 
f 2583/2969 2584/2970 2562/2948 2561/2947 
f 2584/2970 2585/2971 2563/2949 2562/2948 
f 2585/2971 2586/2972 2564/2950 2563/2949 
f 2586/2972 2587/2973 2565/2951 2564/2950 
f 2587/2973 2588/2974 2566/2952 2565/2951 
f 2588/2974 2589/2975 2567/2953 2566/2952 
f 2589/2975 2590/2976 2568/2954 2567/2953 
f 2591/2977 2592/2978 2570/2956 2569/2955 
f 2592/2978 2593/2979 2571/2957 2570/2956 
f 2593/2979 2594/2980 2572/2958 2571/2957 
f 2594/2980 2595/2981 2573/2959 2572/2958 
f 2595/2981 2596/2982 2574/2960 2573/2959 
f 2596/2982 2597/2983 2575/2961 2574/2960 
f 2597/2983 2598/2984 2576/2962 2575/2961 
f 2598/2984 2599/2985 2577/2963 2576/2962 
f 2599/2985 2600/2986 2578/2964 2577/2963 
f 2600/2986 2601/2987 2579/2965 2578/2964 
f 2601/2987 2602/2988 2580/2966 2579/2965 
f 2602/2988 2603/2989 2581/2967 2580/2966 
f 2603/2989 2604/2990 2582/2968 2581/2967 
f 2604/2990 2605/2991 2583/2969 2582/2968 
f 2605/2991 2606/2992 2584/2970 2583/2969 
f 2606/2992 2607/2993 2585/2971 2584/2970 
f 2607/2993 2608/2994 2586/2972 2585/2971 
f 2608/2994 2609/2995 2587/2973 2586/2972 
f 2609/2995 2610/2996 2588/2974 2587/2973 
f 2610/2996 2611/2997 2589/2975 2588/2974 
f 2611/2997 2612/2998 2590/2976 2589/2975 
f 2613/2999 2614/3000 2592/2978 2591/2977 
f 2614/3000 2615/3001 2593/2979 2592/2978 
f 2615/3001 2616/3002 2594/2980 2593/2979 
f 2616/3002 2617/3003 2595/2981 2594/2980 
f 2617/3003 2618/3004 2596/2982 2595/2981 
f 2618/3004 2619/3005 2597/2983 2596/2982 
f 2619/3005 2620/3006 2598/2984 2597/2983 
f 2620/3006 2621/3007 2599/2985 2598/2984 
f 2621/3007 2622/3008 2600/2986 2599/2985 
f 2622/3008 2623/3009 2601/2987 2600/2986 
f 2623/3009 2624/3010 2602/2988 2601/2987 
f 2624/3010 2625/3011 2603/2989 2602/2988 
f 2625/3011 2626/3012 2604/2990 2603/2989 
f 2626/3012 2627/3013 2605/2991 2604/2990 
f 2627/3013 2628/3014 2606/2992 2605/2991 
f 2628/3014 2629/3015 2607/2993 2606/2992 
f 2629/3015 2630/3016 2608/2994 2607/2993 
f 2630/3016 2631/3017 2609/2995 2608/2994 
f 2631/3017 2632/3018 2610/2996 2609/2995 
f 2632/3018 2633/3019 2611/2997 2610/2996 
f 2633/3019 2634/3020 2612/2998 2611/2997 
f 2635/3021 2636/3022 2614/3000 2613/2999 
f 2636/3022 2637/3023 2615/3001 2614/3000 
f 2637/3023 2638/3024 2616/3002 2615/3001 
f 2638/3024 2639/3025 2617/3003 2616/3002 
f 2639/3025 2640/3026 2618/3004 2617/3003 
f 2640/3026 2641/3027 2619/3005 2618/3004 
f 2641/3027 2642/3028 2620/3006 2619/3005 
f 2642/3028 2643/3029 2621/3007 2620/3006 
f 2643/3029 2644/3030 2622/3008 2621/3007 
f 2644/3030 2645/3031 2623/3009 2622/3008 
f 2645/3031 2646/3032 2624/3010 2623/3009 
f 2646/3032 2647/3033 2625/3011 2624/3010 
f 2647/3033 2648/3034 2626/3012 2625/3011 
f 2648/3034 2649/3035 2627/3013 2626/3012 
f 2649/3035 2650/3036 2628/3014 2627/3013 
f 2650/3036 2651/3037 2629/3015 2628/3014 
f 2651/3037 2652/3038 2630/3016 2629/3015 
f 2652/3038 2653/3039 2631/3017 2630/3016 
f 2653/3039 2654/3040 2632/3018 2631/3017 
f 2654/3040 2655/3041 2633/3019 2632/3018 
f 2655/3041 2656/3042 2634/3020 2633/3019 
f 2657/3043 2658/3044 2636/3022 2635/3021 
f 2658/3044 2659/3045 2637/3023 2636/3022 
f 2659/3045 2660/3046 2638/3024 2637/3023 
f 2660/3046 2661/3047 2639/3025 2638/3024 
f 2661/3047 2662/3048 2640/3026 2639/3025 
f 2662/3048 2663/3049 2641/3027 2640/3026 
f 2663/3049 2664/3050 2642/3028 2641/3027 
f 2664/3050 2665/3051 2643/3029 2642/3028 
f 2665/3051 2666/3052 2644/3030 2643/3029 
f 2666/3052 2667/3053 2645/3031 2644/3030 
f 2667/3053 2668/3054 2646/3032 2645/3031 
f 2668/3054 2669/3055 2647/3033 2646/3032 
f 2669/3055 2670/3056 2648/3034 2647/3033 
f 2670/3056 2671/3057 2649/3035 2648/3034 
f 2671/3057 2672/3058 2650/3036 2649/3035 
f 2672/3058 2673/3059 2651/3037 2650/3036 
f 2673/3059 2674/3060 2652/3038 2651/3037 
f 2674/3060 2675/3061 2653/3039 2652/3038 
f 2675/3061 2676/3062 2654/3040 2653/3039 
f 2676/3062 2677/3063 2655/3041 2654/3040 
f 2677/3063 2678/3064 2656/3042 2655/3041 
f 2283/2647 2284/2649 2658/3044 2657/3043 
f 2284/2649 2285/2651 2659/3045 2658/3044 
f 2285/2651 2286/2653 2660/3046 2659/3045 
f 2286/2653 2287/2655 2661/3047 2660/3046 
f 2287/2655 2288/2657 2662/3048 2661/3047 
f 2288/2657 2289/2659 2663/3049 2662/3048 
f 2289/2659 2290/2661 2664/3050 2663/3049 
f 2290/2661 2291/2663 2665/3051 2664/3050 
f 2291/2663 2292/2665 2666/3052 2665/3051 
f 2292/2665 2293/2667 2667/3053 2666/3052 
f 2293/2667 2294/2669 2668/3054 2667/3053 
f 2294/2669 2295/2671 2669/3055 2668/3054 
f 2295/2671 2296/2673 2670/3056 2669/3055 
f 2296/2673 2297/2675 2671/3057 2670/3056 
f 2297/2675 2298/2677 2672/3058 2671/3057 
f 2298/2677 2299/2679 2673/3059 2672/3058 
f 2299/2679 2300/2681 2674/3060 2673/3059 
f 2300/2681 2301/2683 2675/3061 2674/3060 
f 2301/2683 2302/2685 2676/3062 2675/3061 
f 2302/2685 2303/2687 2677/3063 2676/3062 
f 2303/2687 2304/2689 2678/3064 2677/3063 

